timestamp,src_ip,dst_ip,protocol,packet_size,time_interval
2011-08-18 13:47:50,147.32.84.165,147.32.84.255,udp,110,0.0
2011-08-18 13:47:50,147.32.84.165,147.32.84.255,udp,110,0.0
2011-08-18 13:47:51,147.32.84.165,147.32.84.255,udp,110,1.0
2011-08-18 13:47:51,147.32.84.165,147.32.84.255,udp,110,0.0
2011-08-18 13:47:52,147.32.84.165,147.32.84.255,udp,110,1.0
2011-08-18 13:47:52,147.32.84.165,147.32.84.255,udp,110,0.0
2011-08-18 13:47:52,147.32.84.165,147.32.80.9,udp,64,0.0
2011-08-18 13:47:52,147.32.84.165,147.32.80.9,udp,64,0.0
2011-08-18 13:47:52,147.32.80.9,147.32.84.165,udp,139,0.0
2011-08-18 13:47:52,147.32.84.165,147.32.84.255,udp,92,0.0
2011-08-18 13:47:52,147.32.84.165,147.32.84.255,udp,92,0.0
2011-08-18 13:47:53,147.32.84.165,147.32.84.255,udp,110,1.0
2011-08-18 13:47:53,147.32.84.165,147.32.84.255,udp,110,0.0
2011-08-18 13:47:53,147.32.84.165,147.32.84.255,udp,92,0.0
2011-08-18 13:47:53,147.32.84.165,147.32.84.255,udp,92,0.0
2011-08-18 13:47:53,147.32.84.165,147.32.84.255,udp,110,0.0
2011-08-18 13:47:53,147.32.84.165,147.32.84.255,udp,110,0.0
2011-08-18 13:47:54,147.32.84.165,147.32.84.255,udp,92,1.0
2011-08-18 13:47:54,147.32.84.165,147.32.84.255,udp,92,0.0
2011-08-18 13:47:54,147.32.84.165,147.32.84.255,udp,110,0.0
2011-08-18 13:47:54,147.32.84.165,147.32.84.255,udp,110,0.0
2011-08-18 13:47:54,147.32.84.165,147.32.80.9,udp,87,0.0
2011-08-18 13:47:54,147.32.84.165,147.32.80.9,udp,87,0.0
2011-08-18 13:47:54,147.32.80.9,147.32.84.165,udp,503,0.0
2011-08-18 13:47:54,147.32.84.165,74.125.232.201,tcp,62,0.0
2011-08-18 13:47:54,147.32.84.165,74.125.232.201,tcp,62,0.0
2011-08-18 13:47:54,74.125.232.201,147.32.84.165,tcp,62,0.0
2011-08-18 13:47:54,147.32.84.165,74.125.232.201,tcp,60,0.0
2011-08-18 13:47:54,147.32.84.165,74.125.232.201,tcp,60,0.0
2011-08-18 13:47:54,147.32.84.165,74.125.232.201,tcp,447,0.0
2011-08-18 13:47:54,147.32.84.165,74.125.232.201,tcp,447,0.0
2011-08-18 13:47:54,74.125.232.201,147.32.84.165,tcp,60,0.0
2011-08-18 13:47:55,74.125.232.201,147.32.84.165,tcp,131,1.0
2011-08-18 13:47:55,147.32.84.165,74.125.232.201,tcp,60,0.0
2011-08-18 13:47:55,147.32.84.165,74.125.232.201,tcp,60,0.0
2011-08-18 13:47:55,147.32.84.165,147.32.84.255,udp,110,0.0
2011-08-18 13:47:55,147.32.84.165,147.32.84.255,udp,110,0.0
2011-08-18 13:47:56,147.32.84.165,147.32.84.255,udp,110,1.0
2011-08-18 13:47:56,147.32.84.165,147.32.84.255,udp,110,0.0
2011-08-18 13:47:57,147.32.84.165,147.32.84.255,udp,110,1.0
2011-08-18 13:47:57,147.32.84.165,147.32.84.255,udp,110,0.0
2011-08-18 13:47:57,147.32.84.165,147.32.80.9,udp,76,0.0
2011-08-18 13:47:57,147.32.84.165,147.32.80.9,udp,76,0.0
2011-08-18 13:47:57,147.32.80.9,147.32.84.165,udp,403,0.0
2011-08-18 13:47:57,147.32.84.165,65.55.56.40,udp,90,0.0
2011-08-18 13:47:57,147.32.84.165,65.55.56.40,udp,90,0.0
2011-08-18 13:47:57,147.32.84.165,147.32.84.255,udp,110,0.0
2011-08-18 13:47:57,147.32.84.165,147.32.84.255,udp,110,0.0
2011-08-18 13:47:58,147.32.84.165,147.32.84.255,udp,110,0.0
2011-08-18 13:47:58,147.32.84.165,147.32.84.255,udp,110,0.0
2011-08-18 13:47:59,147.32.84.165,147.32.84.255,udp,110,0.0
2011-08-18 13:47:59,147.32.84.165,147.32.84.255,udp,110,0.0
2011-08-18 13:48:00,147.32.84.165,147.32.84.255,udp,243,0.0
2011-08-18 13:48:00,147.32.84.165,147.32.84.255,udp,243,0.0
2011-08-18 13:48:00,147.32.84.165,65.55.56.40,udp,90,0.0
2011-08-18 13:48:00,147.32.84.165,65.55.56.40,udp,90,0.0
2011-08-18 13:48:01,147.32.84.165,147.32.84.255,udp,110,0.0
2011-08-18 13:48:01,147.32.84.165,147.32.84.255,udp,110,0.0
2011-08-18 13:48:01,147.32.84.165,147.32.84.255,udp,110,0.0
2011-08-18 13:48:01,147.32.84.165,147.32.84.255,udp,110,0.0
2011-08-18 13:48:02,147.32.84.165,147.32.84.255,udp,110,0.0
2011-08-18 13:48:02,147.32.84.165,147.32.84.255,udp,110,0.0
2011-08-18 13:48:03,147.32.84.165,147.32.84.255,udp,110,0.0
2011-08-18 13:48:03,147.32.84.165,147.32.84.255,udp,110,0.0
2011-08-18 13:48:04,147.32.84.165,147.32.84.255,udp,220,0.0
2011-08-18 13:48:04,147.32.84.165,147.32.84.255,udp,220,0.0
2011-08-18 13:48:04,147.32.84.165,147.32.84.255,udp,243,0.0
2011-08-18 13:48:04,147.32.84.165,147.32.84.255,udp,243,0.0
2011-08-18 13:48:09,147.32.84.165,239.255.255.250,udp,175,0.0
2011-08-18 13:48:09,147.32.84.165,239.255.255.250,udp,175,0.0
2011-08-18 13:48:12,147.32.84.165,239.255.255.250,udp,175,0.0
2011-08-18 13:48:12,147.32.84.165,239.255.255.250,udp,175,0.0
2011-08-18 13:48:15,147.32.84.165,239.255.255.250,udp,175,1.0
2011-08-18 13:48:15,147.32.84.165,239.255.255.250,udp,175,0.0
2011-08-18 13:49:05,147.32.84.165,147.32.80.9,udp,76,23.0
2011-08-18 13:49:05,147.32.84.165,147.32.80.9,udp,76,0.0
2011-08-18 13:49:05,147.32.80.9,147.32.84.165,udp,479,0.0
2011-08-18 13:49:05,147.32.84.165,38.229.70.20,tcp,62,0.0
2011-08-18 13:49:05,147.32.84.165,38.229.70.20,tcp,62,0.0
2011-08-18 13:49:05,38.229.70.20,147.32.84.165,tcp,62,0.0
2011-08-18 13:49:05,147.32.84.165,38.229.70.20,tcp,60,0.0
2011-08-18 13:49:05,147.32.84.165,38.229.70.20,tcp,60,0.0
2011-08-18 13:49:05,147.32.84.165,38.229.70.20,tcp,101,0.0
2011-08-18 13:49:05,147.32.84.165,38.229.70.20,tcp,101,0.0
2011-08-18 13:49:05,38.229.70.20,147.32.84.165,tcp,60,0.0
2011-08-18 13:49:05,38.229.70.20,147.32.84.165,tcp,116,0.0
2011-08-18 13:49:05,38.229.70.20,147.32.84.165,tcp,74,0.0
2011-08-18 13:49:05,147.32.84.165,38.229.70.20,tcp,78,0.0
2011-08-18 13:49:05,147.32.84.165,38.229.70.20,tcp,78,0.0
2011-08-18 13:49:05,147.32.84.165,38.229.70.20,tcp,60,0.0
2011-08-18 13:49:05,147.32.84.165,38.229.70.20,tcp,60,0.0
2011-08-18 13:49:05,38.229.70.20,147.32.84.165,tcp,66,0.0
2011-08-18 13:49:05,38.229.70.20,147.32.84.165,tcp,79,0.0
2011-08-18 13:49:05,147.32.84.165,38.229.70.20,tcp,95,0.0
2011-08-18 13:49:05,147.32.84.165,38.229.70.20,tcp,95,0.0
2011-08-18 13:49:05,38.229.70.20,147.32.84.165,tcp,103,0.0
2011-08-18 13:49:05,38.229.70.20,147.32.84.165,tcp,66,0.0
2011-08-18 13:49:05,38.229.70.20,147.32.84.165,tcp,66,0.0
2011-08-18 13:49:05,147.32.84.165,38.229.70.20,tcp,66,0.0
2011-08-18 13:49:05,147.32.84.165,38.229.70.20,tcp,66,0.0
2011-08-18 13:49:05,147.32.84.165,38.229.70.20,tcp,60,0.0
2011-08-18 13:49:05,147.32.84.165,38.229.70.20,tcp,60,0.0
2011-08-18 13:49:05,38.229.70.20,147.32.84.165,tcp,106,0.0
2011-08-18 13:49:06,38.229.70.20,147.32.84.165,tcp,1514,1.0
2011-08-18 13:49:06,38.229.70.20,147.32.84.165,tcp,1514,0.0
2011-08-18 13:49:06,147.32.84.165,38.229.70.20,tcp,60,0.0
2011-08-18 13:49:06,147.32.84.165,38.229.70.20,tcp,60,0.0
2011-08-18 13:49:06,38.229.70.20,147.32.84.165,tcp,1514,0.0
2011-08-18 13:49:06,147.32.84.165,38.229.70.20,tcp,60,0.0
2011-08-18 13:49:06,147.32.84.165,38.229.70.20,tcp,60,0.0
2011-08-18 13:49:06,147.32.84.165,38.229.70.20,tcp,75,0.0
2011-08-18 13:49:06,147.32.84.165,38.229.70.20,tcp,75,0.0
2011-08-18 13:49:06,38.229.70.20,147.32.84.165,tcp,2924,0.0
2011-08-18 13:49:06,147.32.84.165,38.229.70.20,tcp,265,0.0
2011-08-18 13:49:06,147.32.84.165,38.229.70.20,tcp,265,0.0
2011-08-18 13:49:06,38.229.70.20,147.32.84.165,tcp,60,0.0
2011-08-18 13:49:06,147.32.84.165,38.229.70.20,tcp,60,0.0
2011-08-18 13:49:06,147.32.84.165,38.229.70.20,tcp,60,0.0
2011-08-18 13:49:06,38.229.70.20,147.32.84.165,tcp,60,0.0
2011-08-18 13:49:06,85.190.0.3,147.32.84.165,tcp,74,0.0
2011-08-18 13:49:06,85.190.0.3,147.32.84.165,tcp,74,0.0
2011-08-18 13:49:06,85.190.0.3,147.32.84.165,tcp,74,0.0
2011-08-18 13:49:06,85.190.0.3,147.32.84.165,tcp,74,0.0
2011-08-18 13:49:06,147.32.84.165,85.190.0.3,tcp,60,0.0
2011-08-18 13:49:06,147.32.84.165,85.190.0.3,tcp,60,0.0
2011-08-18 13:49:06,147.32.84.165,85.190.0.3,tcp,60,0.0
2011-08-18 13:49:06,147.32.84.165,85.190.0.3,tcp,60,0.0
2011-08-18 13:49:06,147.32.84.165,85.190.0.3,tcp,60,0.0
2011-08-18 13:49:06,147.32.84.165,85.190.0.3,tcp,60,0.0
2011-08-18 13:49:06,85.190.0.3,147.32.84.165,tcp,74,0.0
2011-08-18 13:49:06,85.190.0.3,147.32.84.165,tcp,74,0.0
2011-08-18 13:49:06,85.190.0.3,147.32.84.165,tcp,74,0.0
2011-08-18 13:49:06,85.190.0.3,147.32.84.165,tcp,74,0.0
2011-08-18 13:49:06,147.32.84.165,85.190.0.3,tcp,60,0.0
2011-08-18 13:49:06,147.32.84.165,85.190.0.3,tcp,60,0.0
2011-08-18 13:49:06,147.32.84.165,85.190.0.3,tcp,60,0.0
2011-08-18 13:49:06,147.32.84.165,85.190.0.3,tcp,60,0.0
2011-08-18 13:49:06,147.32.84.165,85.190.0.3,tcp,60,0.0
2011-08-18 13:49:06,147.32.84.165,85.190.0.3,tcp,60,0.0
2011-08-18 13:49:06,147.32.84.165,85.190.0.3,tcp,60,0.0
2011-08-18 13:49:06,147.32.84.165,85.190.0.3,tcp,60,0.0
2011-08-18 13:49:06,85.190.0.3,147.32.84.165,tcp,74,0.0
2011-08-18 13:49:06,147.32.84.165,85.190.0.3,tcp,60,0.0
2011-08-18 13:49:06,147.32.84.165,85.190.0.3,tcp,60,0.0
2011-08-18 13:49:06,85.190.0.3,147.32.84.165,tcp,74,0.0
2011-08-18 13:49:06,147.32.84.165,85.190.0.3,tcp,60,0.0
2011-08-18 13:49:06,147.32.84.165,85.190.0.3,tcp,60,0.0
2011-08-18 13:49:06,85.190.0.3,147.32.84.165,tcp,74,0.0
2011-08-18 13:49:06,147.32.84.165,85.190.0.3,tcp,60,0.0
2011-08-18 13:49:06,147.32.84.165,85.190.0.3,tcp,60,0.0
2011-08-18 13:49:06,85.190.0.3,147.32.84.165,tcp,74,0.0
2011-08-18 13:49:06,85.190.0.3,147.32.84.165,tcp,74,0.0
2011-08-18 13:49:06,147.32.84.165,85.190.0.3,tcp,60,0.0
2011-08-18 13:49:06,147.32.84.165,85.190.0.3,tcp,60,0.0
2011-08-18 13:49:06,147.32.84.165,85.190.0.3,tcp,60,0.0
2011-08-18 13:49:06,147.32.84.165,85.190.0.3,tcp,60,0.0
2011-08-18 13:49:06,147.32.84.165,85.190.0.3,tcp,60,0.0
2011-08-18 13:49:06,147.32.84.165,85.190.0.3,tcp,60,0.0
2011-08-18 13:49:06,85.190.0.3,147.32.84.165,tcp,74,0.0
2011-08-18 13:49:06,85.190.0.3,147.32.84.165,tcp,74,0.0
2011-08-18 13:49:06,147.32.84.165,85.190.0.3,tcp,60,0.0
2011-08-18 13:49:06,147.32.84.165,85.190.0.3,tcp,60,0.0
2011-08-18 13:49:06,147.32.84.165,85.190.0.3,tcp,60,0.0
2011-08-18 13:49:06,147.32.84.165,85.190.0.3,tcp,60,0.0
2011-08-18 13:49:06,85.190.0.3,147.32.84.165,tcp,74,0.0
2011-08-18 13:49:06,85.190.0.3,147.32.84.165,tcp,74,0.0
2011-08-18 13:49:06,85.190.0.3,147.32.84.165,tcp,74,0.0
2011-08-18 13:49:06,85.190.0.3,147.32.84.165,tcp,74,0.0
2011-08-18 13:49:06,147.32.84.165,85.190.0.3,tcp,60,0.0
2011-08-18 13:49:06,147.32.84.165,85.190.0.3,tcp,60,0.0
2011-08-18 13:49:06,147.32.84.165,85.190.0.3,tcp,60,0.0
2011-08-18 13:49:06,147.32.84.165,85.190.0.3,tcp,60,0.0
2011-08-18 13:49:06,147.32.84.165,85.190.0.3,tcp,60,0.0
2011-08-18 13:49:06,147.32.84.165,85.190.0.3,tcp,60,0.0
2011-08-18 13:49:06,147.32.84.165,85.190.0.3,tcp,60,0.0
2011-08-18 13:49:06,147.32.84.165,85.190.0.3,tcp,60,0.0
2011-08-18 13:49:06,85.190.0.3,147.32.84.165,tcp,74,0.0
2011-08-18 13:49:06,85.190.0.3,147.32.84.165,tcp,74,0.0
2011-08-18 13:49:06,85.190.0.3,147.32.84.165,tcp,74,0.0
2011-08-18 13:49:06,85.190.0.3,147.32.84.165,tcp,74,0.0
2011-08-18 13:49:06,147.32.84.165,85.190.0.3,tcp,60,0.0
2011-08-18 13:49:06,85.190.0.3,147.32.84.165,tcp,74,0.0
2011-08-18 13:49:06,147.32.84.165,85.190.0.3,tcp,60,0.0
2011-08-18 13:49:06,85.190.0.3,147.32.84.165,tcp,74,0.0
2011-08-18 13:49:06,85.190.0.3,147.32.84.165,tcp,74,0.0
2011-08-18 13:49:06,85.190.0.3,147.32.84.165,tcp,74,0.0
2011-08-18 13:49:06,85.190.0.3,147.32.84.165,tcp,74,0.0
2011-08-18 13:49:06,85.190.0.3,147.32.84.165,tcp,74,0.0
2011-08-18 13:49:06,147.32.84.165,85.190.0.3,tcp,60,0.0
2011-08-18 13:49:06,147.32.84.165,85.190.0.3,tcp,60,0.0
2011-08-18 13:49:06,85.190.0.3,147.32.84.165,tcp,74,0.0
2011-08-18 13:49:06,147.32.84.165,85.190.0.3,tcp,60,0.0
2011-08-18 13:49:06,147.32.84.165,85.190.0.3,tcp,60,0.0
2011-08-18 13:49:06,147.32.84.165,85.190.0.3,tcp,60,0.0
2011-08-18 13:49:06,147.32.84.165,85.190.0.3,tcp,60,0.0
2011-08-18 13:49:06,85.190.0.3,147.32.84.165,tcp,74,0.0
2011-08-18 13:49:06,85.190.0.3,147.32.84.165,tcp,74,0.0
2011-08-18 13:49:06,85.190.0.3,147.32.84.165,tcp,74,0.0
2011-08-18 13:49:06,85.190.0.3,147.32.84.165,tcp,74,0.0
2011-08-18 13:49:06,85.190.0.3,147.32.84.165,tcp,74,0.0
2011-08-18 13:49:06,85.190.0.3,147.32.84.165,tcp,74,0.0
2011-08-18 13:49:06,85.190.0.3,147.32.84.165,tcp,74,0.0
2011-08-18 13:49:06,147.32.84.165,85.190.0.3,tcp,60,0.0
2011-08-18 13:49:06,147.32.84.165,85.190.0.3,tcp,60,0.0
2011-08-18 13:49:06,147.32.84.165,85.190.0.3,tcp,60,0.0
2011-08-18 13:49:06,147.32.84.165,85.190.0.3,tcp,60,0.0
2011-08-18 13:49:06,147.32.84.165,85.190.0.3,tcp,60,0.0
2011-08-18 13:49:06,147.32.84.165,85.190.0.3,tcp,60,0.0
2011-08-18 13:49:06,147.32.84.165,85.190.0.3,tcp,60,0.0
2011-08-18 13:49:06,147.32.84.165,85.190.0.3,tcp,60,0.0
2011-08-18 13:49:06,85.190.0.3,147.32.84.165,tcp,74,0.0
2011-08-18 13:49:06,85.190.0.3,147.32.84.165,tcp,74,0.0
2011-08-18 13:49:06,85.190.0.3,147.32.84.165,tcp,74,0.0
2011-08-18 13:49:06,85.190.0.3,147.32.84.165,tcp,74,0.0
2011-08-18 13:49:06,85.190.0.3,147.32.84.165,tcp,74,0.0
2011-08-18 13:49:06,85.190.0.3,147.32.84.165,tcp,74,0.0
2011-08-18 13:49:06,85.190.0.3,147.32.84.165,tcp,74,0.0
2011-08-18 13:49:06,147.32.84.165,85.190.0.3,tcp,60,0.0
2011-08-18 13:49:06,147.32.84.165,85.190.0.3,tcp,60,0.0
2011-08-18 13:49:06,147.32.84.165,85.190.0.3,tcp,60,0.0
2011-08-18 13:49:06,147.32.84.165,85.190.0.3,tcp,60,0.0
2011-08-18 13:49:06,147.32.84.165,85.190.0.3,tcp,60,0.0
2011-08-18 13:49:06,147.32.84.165,85.190.0.3,tcp,60,0.0
2011-08-18 13:49:06,85.190.0.3,147.32.84.165,tcp,74,0.0
2011-08-18 13:49:06,85.190.0.3,147.32.84.165,tcp,74,0.0
2011-08-18 13:49:06,85.190.0.3,147.32.84.165,tcp,74,0.0
2011-08-18 13:49:06,85.190.0.3,147.32.84.165,tcp,74,0.0
2011-08-18 13:49:06,85.190.0.3,147.32.84.165,tcp,74,0.0
2011-08-18 13:49:06,85.190.0.3,147.32.84.165,tcp,74,0.0
2011-08-18 13:49:06,85.190.0.3,147.32.84.165,tcp,74,0.0
2011-08-18 13:49:06,85.190.0.3,147.32.84.165,tcp,74,0.0
2011-08-18 13:49:06,85.190.0.3,147.32.84.165,tcp,74,0.0
2011-08-18 13:49:06,147.32.84.165,85.190.0.3,tcp,60,0.0
2011-08-18 13:49:06,147.32.84.165,85.190.0.3,tcp,60,0.0
2011-08-18 13:49:06,147.32.84.165,85.190.0.3,tcp,60,0.0
2011-08-18 13:49:06,147.32.84.165,85.190.0.3,tcp,60,0.0
2011-08-18 13:49:06,85.190.0.3,147.32.84.165,tcp,74,0.0
2011-08-18 13:49:06,147.32.84.165,85.190.0.3,tcp,60,0.0
2011-08-18 13:49:06,147.32.84.165,85.190.0.3,tcp,60,0.0
2011-08-18 13:49:06,85.190.0.3,147.32.84.165,tcp,74,0.0
2011-08-18 13:49:06,147.32.84.165,85.190.0.3,tcp,60,0.0
2011-08-18 13:49:06,85.190.0.3,147.32.84.165,tcp,74,0.0
2011-08-18 13:49:06,147.32.84.165,85.190.0.3,tcp,60,0.0
2011-08-18 13:49:06,85.190.0.3,147.32.84.165,tcp,74,0.0
2011-08-18 13:49:06,85.190.0.3,147.32.84.165,tcp,74,0.0
2011-08-18 13:49:06,85.190.0.3,147.32.84.165,tcp,74,0.0
2011-08-18 13:49:06,85.190.0.3,147.32.84.165,tcp,74,0.0
2011-08-18 13:49:06,85.190.0.3,147.32.84.165,tcp,74,0.0
2011-08-18 13:49:06,85.190.0.3,147.32.84.165,tcp,74,0.0
2011-08-18 13:49:06,147.32.84.165,85.190.0.3,tcp,60,0.0
2011-08-18 13:49:06,147.32.84.165,85.190.0.3,tcp,60,0.0
2011-08-18 13:49:06,85.190.0.3,147.32.84.165,tcp,74,0.0
2011-08-18 13:49:06,147.32.84.165,85.190.0.3,tcp,60,0.0
2011-08-18 13:49:06,147.32.84.165,85.190.0.3,tcp,60,0.0
2011-08-18 13:49:06,85.190.0.3,147.32.84.165,tcp,74,0.0
2011-08-18 13:49:06,85.190.0.3,147.32.84.165,tcp,74,0.0
2011-08-18 13:49:06,85.190.0.3,147.32.84.165,tcp,74,0.0
2011-08-18 13:49:06,85.190.0.3,147.32.84.165,tcp,74,0.0
2011-08-18 13:49:06,85.190.0.3,147.32.84.165,tcp,74,0.0
2011-08-18 13:49:06,85.190.0.3,147.32.84.165,tcp,74,0.0
2011-08-18 13:49:06,147.32.84.165,85.190.0.3,tcp,60,0.0
2011-08-18 13:49:06,147.32.84.165,85.190.0.3,tcp,60,0.0
2011-08-18 13:49:06,147.32.84.165,85.190.0.3,tcp,60,0.0
2011-08-18 13:49:06,147.32.84.165,85.190.0.3,tcp,60,0.0
2011-08-18 13:49:06,147.32.84.165,85.190.0.3,tcp,60,0.0
2011-08-18 13:49:06,147.32.84.165,85.190.0.3,tcp,60,0.0
2011-08-18 13:49:06,147.32.84.165,85.190.0.3,tcp,60,0.0
2011-08-18 13:49:06,147.32.84.165,85.190.0.3,tcp,60,0.0
2011-08-18 13:49:06,147.32.84.165,85.190.0.3,tcp,60,0.0
2011-08-18 13:49:06,147.32.84.165,85.190.0.3,tcp,60,0.0
2011-08-18 13:49:06,147.32.84.165,85.190.0.3,tcp,60,0.0
2011-08-18 13:49:06,147.32.84.165,85.190.0.3,tcp,60,0.0
2011-08-18 13:49:06,147.32.84.165,85.190.0.3,tcp,60,0.0
2011-08-18 13:49:06,147.32.84.165,85.190.0.3,tcp,60,0.0
2011-08-18 13:49:06,147.32.84.165,85.190.0.3,tcp,60,0.0
2011-08-18 13:49:06,147.32.84.165,85.190.0.3,tcp,60,0.0
2011-08-18 13:49:06,147.32.84.165,85.190.0.3,tcp,60,0.0
2011-08-18 13:49:06,147.32.84.165,85.190.0.3,tcp,60,0.0
2011-08-18 13:49:06,147.32.84.165,85.190.0.3,tcp,60,0.0
2011-08-18 13:49:06,147.32.84.165,85.190.0.3,tcp,60,0.0
2011-08-18 13:49:06,147.32.84.165,85.190.0.3,tcp,60,0.0
2011-08-18 13:49:06,147.32.84.165,85.190.0.3,tcp,60,0.0
2011-08-18 13:49:06,147.32.84.165,85.190.0.3,tcp,60,0.0
2011-08-18 13:49:06,147.32.84.165,85.190.0.3,tcp,60,0.0
2011-08-18 13:49:06,147.32.84.165,85.190.0.3,tcp,60,0.0
2011-08-18 13:49:06,147.32.84.165,85.190.0.3,tcp,60,0.0
2011-08-18 13:49:06,147.32.84.165,85.190.0.3,tcp,60,0.0
2011-08-18 13:49:06,147.32.84.165,85.190.0.3,tcp,60,0.0
2011-08-18 13:49:06,147.32.84.165,85.190.0.3,tcp,60,0.0
2011-08-18 13:49:06,147.32.84.165,85.190.0.3,tcp,60,0.0
2011-08-18 13:49:06,147.32.84.165,85.190.0.3,tcp,60,0.0
2011-08-18 13:49:06,147.32.84.165,85.190.0.3,tcp,60,0.0
2011-08-18 13:49:06,147.32.84.165,85.190.0.3,tcp,60,0.0
2011-08-18 13:49:06,147.32.84.165,85.190.0.3,tcp,60,0.0
2011-08-18 13:49:06,147.32.84.165,85.190.0.3,tcp,60,0.0
2011-08-18 13:49:06,147.32.84.165,85.190.0.3,tcp,60,0.0
2011-08-18 13:49:06,147.32.84.165,85.190.0.3,tcp,60,0.0
2011-08-18 13:49:06,147.32.84.165,85.190.0.3,tcp,60,0.0
2011-08-18 13:49:06,147.32.84.165,85.190.0.3,tcp,60,0.0
2011-08-18 13:49:06,147.32.84.165,85.190.0.3,tcp,60,0.0
2011-08-18 13:49:06,147.32.84.165,85.190.0.3,tcp,60,0.0
2011-08-18 13:49:06,147.32.84.165,85.190.0.3,tcp,60,0.0
2011-08-18 13:49:06,147.32.84.165,85.190.0.3,tcp,60,0.0
2011-08-18 13:49:06,147.32.84.165,85.190.0.3,tcp,60,0.0
2011-08-18 13:49:06,147.32.84.165,85.190.0.3,tcp,60,0.0
2011-08-18 13:49:06,147.32.84.165,85.190.0.3,tcp,60,0.0
2011-08-18 13:49:06,147.32.84.165,85.190.0.3,tcp,60,0.0
2011-08-18 13:49:06,147.32.84.165,85.190.0.3,tcp,60,0.0
2011-08-18 13:49:06,147.32.84.165,85.190.0.3,tcp,60,0.0
2011-08-18 13:49:06,147.32.84.165,85.190.0.3,tcp,60,0.0
2011-08-18 13:49:06,147.32.84.165,85.190.0.3,tcp,60,0.0
2011-08-18 13:49:06,147.32.84.165,85.190.0.3,tcp,60,0.0
2011-08-18 13:49:06,147.32.84.165,85.190.0.3,tcp,60,0.0
2011-08-18 13:49:06,147.32.84.165,85.190.0.3,tcp,60,0.0
2011-08-18 13:49:06,147.32.84.165,85.190.0.3,tcp,60,0.0
2011-08-18 13:49:06,147.32.84.165,85.190.0.3,tcp,60,0.0
2011-08-18 13:49:06,147.32.84.165,85.190.0.3,tcp,60,0.0
2011-08-18 13:49:06,147.32.84.165,85.190.0.3,tcp,60,0.0
2011-08-18 13:49:06,147.32.84.165,85.190.0.3,tcp,60,0.0
2011-08-18 13:49:06,147.32.84.165,85.190.0.3,tcp,60,0.0
2011-08-18 13:49:06,147.32.84.165,85.190.0.3,tcp,60,0.0
2011-08-18 13:49:06,147.32.84.165,85.190.0.3,tcp,60,0.0
2011-08-18 13:49:06,147.32.84.165,85.190.0.3,tcp,60,0.0
2011-08-18 13:49:06,147.32.84.165,85.190.0.3,tcp,60,0.0
2011-08-18 13:49:06,147.32.84.165,85.190.0.3,tcp,60,0.0
2011-08-18 13:49:06,147.32.84.165,85.190.0.3,tcp,60,0.0
2011-08-18 13:49:09,38.229.70.20,147.32.84.165,tcp,126,3.0
2011-08-18 13:49:09,147.32.84.165,38.229.70.20,tcp,60,0.0
2011-08-18 13:49:09,147.32.84.165,38.229.70.20,tcp,60,0.0
2011-08-18 13:49:10,38.229.70.20,147.32.84.165,tcp,686,0.0
2011-08-18 13:49:10,147.32.84.165,38.229.70.20,tcp,60,0.0
2011-08-18 13:49:10,147.32.84.165,38.229.70.20,tcp,60,0.0
2011-08-18 13:49:23,38.229.70.20,147.32.84.165,tcp,117,0.0
2011-08-18 13:49:23,147.32.84.165,38.229.70.20,tcp,60,0.0
2011-08-18 13:49:23,147.32.84.165,38.229.70.20,tcp,60,0.0
2011-08-18 13:50:04,38.229.70.20,147.32.84.165,tcp,126,0.0
2011-08-18 13:50:04,147.32.84.165,38.229.70.20,tcp,135,0.0
2011-08-18 13:50:04,147.32.84.165,38.229.70.20,tcp,135,0.0
2011-08-18 13:50:04,38.229.70.20,147.32.84.165,tcp,60,0.0
2011-08-18 13:50:04,38.229.70.20,147.32.84.165,tcp,181,0.0
2011-08-18 13:50:05,147.32.84.165,38.229.70.20,tcp,60,1.0
2011-08-18 13:50:05,147.32.84.165,38.229.70.20,tcp,60,0.0
2011-08-18 13:50:05,38.229.70.20,147.32.84.165,tcp,181,0.0
2011-08-18 13:50:05,147.32.84.165,38.229.70.20,tcp,60,0.0
2011-08-18 13:50:05,147.32.84.165,38.229.70.20,tcp,60,0.0
2011-08-18 13:50:06,147.32.84.165,147.32.84.255,udp,243,1.0
2011-08-18 13:50:06,147.32.84.165,147.32.84.255,udp,243,0.0
2011-08-18 13:50:17,147.32.84.165,147.32.84.255,udp,216,1.0
2011-08-18 13:50:17,147.32.84.165,147.32.84.255,udp,216,0.0
2011-08-18 13:50:17,147.32.84.165,147.32.84.255,udp,92,0.0
2011-08-18 13:50:17,147.32.84.165,147.32.84.255,udp,92,0.0
2011-08-18 13:50:17,147.32.84.171,147.32.84.165,udp,230,0.0
2011-08-18 13:50:17,147.32.84.165,147.32.84.255,udp,92,0.0
2011-08-18 13:50:17,147.32.84.165,147.32.84.255,udp,92,0.0
2011-08-18 13:50:18,147.32.84.165,147.32.84.255,udp,92,1.0
2011-08-18 13:50:18,147.32.84.165,147.32.84.255,udp,92,0.0
2011-08-18 13:50:19,147.32.84.165,147.32.84.255,udp,92,1.0
2011-08-18 13:50:19,147.32.84.165,147.32.84.255,udp,92,0.0
2011-08-18 13:50:19,147.32.84.171,147.32.84.165,udp,104,0.0
2011-08-18 13:50:19,147.32.84.165,147.32.84.171,tcp,62,0.0
2011-08-18 13:50:19,147.32.84.165,147.32.84.171,tcp,62,0.0
2011-08-18 13:50:19,147.32.84.171,147.32.84.165,tcp,62,0.0
2011-08-18 13:50:19,147.32.84.165,147.32.84.171,tcp,126,0.0
2011-08-18 13:50:19,147.32.84.165,147.32.84.171,tcp,126,0.0
2011-08-18 13:50:19,147.32.84.171,147.32.84.165,tcp,60,0.0
2011-08-18 13:50:19,147.32.84.171,147.32.84.165,tcp,60,0.0
2011-08-18 13:50:19,147.32.84.165,147.32.84.171,tcp,191,0.0
2011-08-18 13:50:19,147.32.84.165,147.32.84.171,tcp,191,0.0
2011-08-18 13:50:19,147.32.84.171,147.32.84.165,tcp,185,0.0
2011-08-18 13:50:19,147.32.84.165,147.32.84.171,tcp,294,0.0
2011-08-18 13:50:19,147.32.84.165,147.32.84.171,tcp,294,0.0
2011-08-18 13:50:19,147.32.84.171,147.32.84.165,tcp,358,0.0
2011-08-18 13:50:19,147.32.84.165,147.32.84.171,tcp,330,0.0
2011-08-18 13:50:19,147.32.84.165,147.32.84.171,tcp,330,0.0
2011-08-18 13:50:19,147.32.84.171,147.32.84.165,tcp,164,0.0
2011-08-18 13:50:19,147.32.84.165,147.32.84.171,tcp,150,0.0
2011-08-18 13:50:19,147.32.84.165,147.32.84.171,tcp,150,0.0
2011-08-18 13:50:19,147.32.84.171,147.32.84.165,tcp,114,0.0
2011-08-18 13:50:19,147.32.84.165,147.32.84.171,tcp,176,0.0
2011-08-18 13:50:19,147.32.84.165,147.32.84.171,tcp,176,0.0
2011-08-18 13:50:19,147.32.84.171,147.32.84.165,tcp,279,0.0
2011-08-18 13:50:19,147.32.84.165,147.32.84.171,tcp,97,0.0
2011-08-18 13:50:19,147.32.84.165,147.32.84.171,tcp,97,0.0
2011-08-18 13:50:19,147.32.84.171,147.32.84.165,tcp,97,0.0
2011-08-18 13:50:19,147.32.84.165,147.32.84.171,tcp,93,0.0
2011-08-18 13:50:19,147.32.84.165,147.32.84.171,tcp,93,0.0
2011-08-18 13:50:19,147.32.84.171,147.32.84.165,tcp,93,0.0
2011-08-18 13:50:19,147.32.84.165,147.32.84.171,tcp,60,0.0
2011-08-18 13:50:19,147.32.84.165,147.32.84.171,tcp,60,0.0
2011-08-18 13:50:19,147.32.84.171,147.32.84.165,tcp,60,0.0
2011-08-18 13:50:19,147.32.84.165,147.32.84.171,tcp,60,0.0
2011-08-18 13:50:19,147.32.84.165,147.32.84.171,tcp,60,0.0
2011-08-18 13:50:42,38.229.70.20,147.32.84.165,tcp,120,6.0
2011-08-18 13:50:42,147.32.84.165,38.229.70.20,tcp,168,0.0
2011-08-18 13:50:42,147.32.84.165,38.229.70.20,tcp,168,0.0
2011-08-18 13:50:42,38.229.70.20,147.32.84.165,tcp,60,0.0
2011-08-18 13:52:08,147.32.84.165,147.32.84.255,udp,243,80.0
2011-08-18 13:52:08,147.32.84.165,147.32.84.255,udp,243,0.0
2011-08-18 13:52:23,147.32.84.79,147.32.84.165,udp,69,6.0
2011-08-18 13:52:23,147.32.84.79,147.32.84.165,udp,85,0.0
2011-08-18 13:52:24,147.32.84.79,147.32.84.165,udp,85,1.0
2011-08-18 13:52:25,147.32.84.79,147.32.84.165,udp,85,1.0
2011-08-18 13:52:26,147.32.84.79,147.32.84.165,udp,85,1.0
2011-08-18 13:52:54,38.229.70.20,147.32.84.165,tcp,79,5.0
2011-08-18 13:52:54,147.32.84.165,38.229.70.20,tcp,79,0.0
2011-08-18 13:52:54,147.32.84.165,38.229.70.20,tcp,79,0.0
2011-08-18 13:52:54,38.229.70.20,147.32.84.165,tcp,60,0.0
2011-08-18 13:53:09,38.229.70.20,147.32.84.165,tcp,139,12.0
2011-08-18 13:53:09,147.32.84.165,38.229.70.20,tcp,120,0.0
2011-08-18 13:53:09,147.32.84.165,38.229.70.20,tcp,120,0.0
2011-08-18 13:53:09,38.229.70.20,147.32.84.165,tcp,60,0.0
2011-08-18 13:54:50,147.32.84.165,38.229.70.20,tcp,160,20.0
2011-08-18 13:54:50,147.32.84.165,38.229.70.20,tcp,160,0.0
2011-08-18 13:54:50,38.229.70.20,147.32.84.165,tcp,60,0.0
