timestamp,packet_size_sum,packet_count
2011-08-18 08:47:30,220,2
2011-08-18 08:47:31,891,9
2011-08-18 08:47:32,404,4
2011-08-18 08:47:33,2592,18
2011-08-18 08:47:34,220,2
2011-08-18 08:47:35,440,4
2011-08-18 08:47:36,955,7
2011-08-18 08:47:37,220,2
2011-08-18 08:47:38,440,4
2011-08-18 08:47:39,666,4
2011-08-18 08:47:40,220,2
2011-08-18 08:47:41,220,2
2011-08-18 08:47:42,440,4
2011-08-18 08:47:43,926,4
2011-08-18 08:47:49,350,2
2011-08-18 08:47:52,350,2
2011-08-18 08:47:55,350,2
2011-08-18 08:49:56,846,5
2011-08-18 08:49:57,184,2
2011-08-18 08:49:58,5282,38
2011-08-18 08:50:19,486,2
2011-08-18 08:52:20,486,2
2011-08-18 08:53:32,486,2
2011-08-18 09:01:34,486,2
2011-08-18 09:04:11,451,5
2011-08-18 09:04:12,184,2
2011-08-18 09:04:13,368,4
2011-08-18 09:04:14,184,2
2011-08-18 09:04:15,184,2
2011-08-18 09:04:16,2604,14
2011-08-18 09:05:16,120,2
2011-08-18 09:06:20,24229,245
2011-08-18 09:06:23,130,1
2011-08-18 09:06:24,1017,5
2011-08-18 09:06:46,236,3
2011-08-18 09:07:05,117,1
2011-08-18 09:07:06,120,2
2011-08-18 09:07:29,237,3
2011-08-18 09:07:59,637,5
2011-08-18 09:08:00,1708,12
2011-08-18 09:08:01,120,2
2011-08-18 09:08:17,119,1
2011-08-18 09:08:18,900,4
2011-08-18 09:08:19,4217,14
2011-08-18 09:08:32,2511,13
2011-08-18 09:08:33,120,2
2011-08-18 09:09:33,486,2
2011-08-18 09:10:30,464,2
2011-08-18 09:10:34,309,4
2011-08-18 09:12:13,194,3
2011-08-18 09:12:43,194,3
2011-08-18 09:12:46,194,3
2011-08-18 09:12:58,309,4
2011-08-18 09:13:07,194,3
2011-08-18 09:13:09,194,3
2011-08-18 09:13:42,194,3
2011-08-18 09:13:46,194,3
2011-08-18 09:13:49,194,3
2011-08-18 09:13:51,194,3
2011-08-18 09:13:52,194,3
2011-08-18 09:13:57,194,3
2011-08-18 09:14:50,194,3
2011-08-18 09:14:51,194,3
2011-08-18 09:15:22,309,4
2011-08-18 09:17:46,309,4
2011-08-18 09:20:10,309,4
2011-08-18 09:21:31,486,2
2011-08-18 09:22:00,5098,36
2011-08-18 09:22:34,309,4
2011-08-18 09:24:58,309,4
2011-08-18 09:27:22,309,4
2011-08-18 09:28:35,194,3
2011-08-18 09:28:40,194,3
2011-08-18 09:28:54,194,3
2011-08-18 09:28:55,194,3
2011-08-18 09:29:08,194,3
2011-08-18 09:29:21,194,3
2011-08-18 09:29:46,309,4
2011-08-18 09:30:53,464,2
2011-08-18 09:31:45,194,3
2011-08-18 09:31:47,194,3
2011-08-18 09:31:51,194,3
2011-08-18 09:31:53,194,3
2011-08-18 09:31:56,194,3
2011-08-18 09:31:58,194,3
2011-08-18 09:32:01,194,3
2011-08-18 09:32:03,194,3
2011-08-18 09:32:05,194,3
2011-08-18 09:32:10,309,4
2011-08-18 09:33:32,486,2
2011-08-18 09:34:34,309,4
2011-08-18 09:36:09,194,3
2011-08-18 09:36:11,194,3
2011-08-18 09:36:50,194,3
2011-08-18 09:36:58,309,4
2011-08-18 09:37:07,194,3
2011-08-18 09:37:11,194,3
2011-08-18 09:38:29,194,3
2011-08-18 09:38:50,194,3
2011-08-18 09:38:51,194,3
2011-08-18 09:38:53,194,3
2011-08-18 09:38:54,194,3
2011-08-18 09:38:55,194,3
2011-08-18 09:39:22,309,4
2011-08-18 09:41:46,309,4
2011-08-18 09:42:22,154,2
2011-08-18 09:42:23,85,1
2011-08-18 09:42:24,85,1
2011-08-18 09:42:25,85,1
2011-08-18 09:44:10,309,4
2011-08-18 09:45:31,486,2
2011-08-18 09:45:42,194,3
2011-08-18 09:46:34,309,4
2011-08-18 09:48:58,309,4
2011-08-18 09:51:22,309,4
2011-08-18 09:53:06,159154,113
2011-08-18 09:53:07,303590,206
2011-08-18 09:53:08,302800,200
2011-08-18 09:53:09,299772,198
2011-08-18 09:53:10,302800,200
2011-08-18 09:53:11,302800,200
2011-08-18 09:53:12,302800,200
2011-08-18 09:53:13,302800,200
2011-08-18 09:53:14,302800,200
2011-08-18 09:53:15,302800,200
2011-08-18 09:53:16,298258,197
2011-08-18 09:53:17,302800,200
2011-08-18 09:53:18,302800,200
2011-08-18 09:53:19,302800,200
2011-08-18 09:53:20,302800,200
2011-08-18 09:53:21,302800,200
2011-08-18 09:53:22,302800,200
2011-08-18 09:53:23,299772,198
2011-08-18 09:53:24,302800,200
2011-08-18 09:53:25,302800,200
2011-08-18 09:53:26,302800,200
2011-08-18 09:53:27,302800,200
2011-08-18 09:53:28,302800,200
2011-08-18 09:53:29,302800,200
2011-08-18 09:53:30,299772,198
2011-08-18 09:53:31,302800,200
2011-08-18 09:53:32,302800,200
2011-08-18 09:53:33,302800,200
2011-08-18 09:53:34,302800,200
2011-08-18 09:53:35,302800,200
2011-08-18 09:53:36,302800,200
2011-08-18 09:53:37,299772,198
2011-08-18 09:53:38,302800,200
2011-08-18 09:53:39,301286,199
2011-08-18 09:53:40,302800,200
2011-08-18 09:53:41,302800,200
2011-08-18 09:53:42,302800,200
2011-08-18 09:53:43,187736,124
2011-08-18 09:53:44,299772,198
2011-08-18 09:53:45,302800,200
2011-08-18 09:53:46,302800,200
2011-08-18 09:53:47,302800,200
2011-08-18 09:53:48,299772,198
2011-08-18 09:53:49,302800,200
2011-08-18 09:53:50,302800,200
2011-08-18 09:53:51,299772,198
2011-08-18 09:53:52,302800,200
2011-08-18 09:53:53,302800,200
2011-08-18 09:53:54,302800,200
2011-08-18 09:53:55,302800,200
2011-08-18 09:53:56,302800,200
2011-08-18 09:53:57,302800,200
2011-08-18 09:53:58,299772,198
2011-08-18 09:53:59,302800,200
2011-08-18 09:54:00,307898,236
2011-08-18 09:54:01,302800,200
2011-08-18 09:54:02,302800,200
2011-08-18 09:54:03,302800,200
2011-08-18 09:54:04,302800,200
2011-08-18 09:54:05,299772,198
2011-08-18 09:54:06,302800,200
2011-08-18 09:54:07,302800,200
2011-08-18 09:54:08,302800,200
2011-08-18 09:54:09,302800,200
2011-08-18 09:54:10,302800,200
2011-08-18 09:54:11,302800,200
2011-08-18 09:54:12,299772,198
2011-08-18 09:54:13,290688,192
2011-08-18 09:54:14,302800,200
2011-08-18 09:54:15,302800,200
2011-08-18 09:54:16,302800,200
2011-08-18 09:54:17,302800,200
2011-08-18 09:54:18,302800,200
2011-08-18 09:54:19,299772,198
2011-08-18 09:54:20,302800,200
2011-08-18 09:54:21,302800,200
2011-08-18 09:54:22,302800,200
2011-08-18 09:54:23,302800,200
2011-08-18 09:54:24,302800,200
2011-08-18 09:54:25,302800,200
2011-08-18 09:54:26,299772,198
2011-08-18 09:54:27,302800,200
2011-08-18 09:54:28,302800,200
2011-08-18 09:54:29,302800,200
2011-08-18 09:54:30,302800,200
2011-08-18 09:54:31,302800,200
2011-08-18 09:54:32,302800,200
2011-08-18 09:54:33,299772,198
2011-08-18 09:54:34,302800,200
2011-08-18 09:54:35,302800,200
2011-08-18 09:54:36,302800,200
2011-08-18 09:54:37,302800,200
2011-08-18 09:54:38,302800,200
2011-08-18 09:54:39,302800,200
2011-08-18 09:54:40,299772,198
2011-08-18 09:54:41,302800,200
2011-08-18 09:54:42,302800,200
2011-08-18 09:54:43,302800,200
2011-08-18 09:54:44,302800,200
2011-08-18 09:54:45,302800,200
2011-08-18 09:54:46,299772,198
2011-08-18 09:54:47,302800,200
2011-08-18 09:54:48,302800,200
2011-08-18 09:54:49,302800,200
2011-08-18 09:54:50,302800,200
2011-08-18 09:54:51,302800,200
2011-08-18 09:54:52,302800,200
2011-08-18 09:54:53,299772,198
2011-08-18 09:54:54,302800,200
2011-08-18 09:54:55,302800,200
2011-08-18 09:54:56,302800,200
2011-08-18 09:54:57,302800,200
2011-08-18 09:54:58,302800,200
2011-08-18 09:54:59,302800,200
2011-08-18 09:55:00,299772,198
2011-08-18 09:55:01,302800,200
2011-08-18 09:55:02,302800,200
2011-08-18 09:55:03,302800,200
2011-08-18 09:55:04,302800,200
2011-08-18 09:55:05,287660,190
2011-08-18 09:55:06,302800,200
2011-08-18 09:55:07,299772,198
2011-08-18 09:55:08,302800,200
2011-08-18 09:55:09,302800,200
2011-08-18 09:55:10,302800,200
2011-08-18 09:55:11,302800,200
2011-08-18 09:55:12,302800,200
2011-08-18 09:55:13,302800,200
2011-08-18 09:55:14,302800,200
2011-08-18 09:55:15,299772,198
2011-08-18 09:55:16,302800,200
2011-08-18 09:55:17,302800,200
2011-08-18 09:55:18,302800,200
2011-08-18 09:55:19,302800,200
2011-08-18 09:55:20,302800,200
2011-08-18 09:55:21,299772,198
2011-08-18 09:55:22,303109,204
2011-08-18 09:55:23,302800,200
2011-08-18 09:55:24,299772,198
2011-08-18 09:55:25,302800,200
2011-08-18 09:55:26,302800,200
2011-08-18 09:55:27,302800,200
2011-08-18 09:55:28,299772,198
2011-08-18 09:55:29,302800,200
2011-08-18 09:55:30,302800,200
2011-08-18 09:55:31,302800,200
2011-08-18 09:55:32,302800,200
2011-08-18 09:55:33,302800,200
2011-08-18 09:55:34,302800,200
2011-08-18 09:55:35,299772,198
2011-08-18 09:55:36,302800,200
2011-08-18 09:55:37,302800,200
2011-08-18 09:55:38,302800,200
2011-08-18 09:55:39,302800,200
2011-08-18 09:55:40,302800,200
2011-08-18 09:55:41,302800,200
2011-08-18 09:55:42,299772,198
2011-08-18 09:55:43,302800,200
2011-08-18 09:55:44,302800,200
2011-08-18 09:55:45,302800,200
2011-08-18 09:55:46,302800,200
2011-08-18 09:55:47,302800,200
2011-08-18 09:55:48,302800,200
2011-08-18 09:55:49,299772,198
2011-08-18 09:55:50,302800,200
2011-08-18 09:55:51,293716,194
2011-08-18 09:55:52,302800,200
2011-08-18 09:55:53,302800,200
2011-08-18 09:55:54,302800,200
2011-08-18 09:55:55,302800,200
2011-08-18 09:55:56,296744,196
2011-08-18 09:55:57,302800,200
2011-08-18 09:55:58,302800,200
2011-08-18 09:55:59,302800,200
2011-08-18 09:56:00,302800,200
2011-08-18 09:56:01,302800,200
2011-08-18 09:56:02,302800,200
2011-08-18 09:56:03,299772,198
2011-08-18 09:56:04,302800,200
2011-08-18 09:56:05,302800,200
2011-08-18 09:56:06,302800,200
2011-08-18 09:56:07,302800,200
2011-08-18 09:56:08,302800,200
2011-08-18 09:56:09,302800,200
2011-08-18 09:56:10,299772,198
2011-08-18 09:56:11,302800,200
2011-08-18 09:56:12,302800,200
2011-08-18 09:56:13,302800,200
2011-08-18 09:56:14,302800,200
2011-08-18 09:56:15,302800,200
2011-08-18 09:56:16,302800,200
2011-08-18 09:56:17,272520,180
2011-08-18 09:56:18,302800,200
2011-08-18 09:56:19,302800,200
2011-08-18 09:56:20,302800,200
2011-08-18 09:56:21,303264,202
2011-08-18 09:56:22,302800,200
2011-08-18 09:56:23,96896,64
2011-08-18 09:56:24,299772,198
2011-08-18 09:56:25,302800,200
2011-08-18 09:56:26,302800,200
2011-08-18 09:56:27,302800,200
2011-08-18 09:56:28,296744,196
2011-08-18 09:56:29,302800,200
2011-08-18 09:56:30,302800,200
2011-08-18 09:56:31,299772,198
2011-08-18 09:56:32,302800,200
2011-08-18 09:56:33,302800,200
2011-08-18 09:56:34,302800,200
2011-08-18 09:56:35,302800,200
2011-08-18 09:56:36,302800,200
2011-08-18 09:56:37,302800,200
2011-08-18 09:56:38,299772,198
2011-08-18 09:56:39,293716,194
2011-08-18 09:56:40,302800,200
2011-08-18 09:56:41,302800,200
2011-08-18 09:56:42,302800,200
2011-08-18 09:56:43,302800,200
2011-08-18 09:56:44,302800,200
2011-08-18 09:56:45,299772,198
2011-08-18 09:56:46,299772,198
2011-08-18 09:56:47,302800,200
2011-08-18 09:56:48,302800,200
2011-08-18 09:56:49,302800,200
2011-08-18 09:56:50,302800,200
2011-08-18 09:56:51,302800,200
2011-08-18 09:56:52,299772,198
2011-08-18 09:56:53,302800,200
2011-08-18 09:56:54,302800,200
2011-08-18 09:56:55,302800,200
2011-08-18 09:56:56,57532,38
2011-08-18 09:56:57,257380,170
2011-08-18 09:56:58,302800,200
2011-08-18 09:56:59,299772,198
2011-08-18 09:57:00,302800,200
2011-08-18 09:57:01,302800,200
2011-08-18 09:57:02,302800,200
2011-08-18 09:57:03,302800,200
2011-08-18 09:57:04,302800,200
2011-08-18 09:57:05,302800,200
2011-08-18 09:57:06,299772,198
2011-08-18 09:57:07,302800,200
2011-08-18 09:57:08,302800,200
2011-08-18 09:57:09,302800,200
2011-08-18 09:57:10,302800,200
2011-08-18 09:57:11,302800,200
2011-08-18 09:57:12,302800,200
2011-08-18 09:57:13,299772,198
2011-08-18 09:57:14,302800,200
2011-08-18 09:57:15,302800,200
2011-08-18 09:57:16,302800,200
2011-08-18 09:57:17,302800,200
2011-08-18 09:57:18,302800,200
2011-08-18 09:57:19,302800,200
2011-08-18 09:57:20,299772,198
2011-08-18 09:57:21,302800,200
2011-08-18 09:57:22,302800,200
2011-08-18 09:57:23,302800,200
2011-08-18 09:57:24,302800,200
2011-08-18 09:57:25,299772,198
2011-08-18 09:57:26,299772,198
2011-08-18 09:57:27,290688,192
2011-08-18 09:57:28,302800,200
2011-08-18 09:57:29,302800,200
2011-08-18 09:57:30,302800,200
2011-08-18 09:57:31,303286,202
2011-08-18 09:57:32,302800,200
2011-08-18 09:57:33,302800,200
2011-08-18 09:57:34,299772,198
2011-08-18 09:57:35,302800,200
2011-08-18 09:57:36,287660,190
2011-08-18 09:57:37,302800,200
2011-08-18 09:57:38,302800,200
2011-08-18 09:57:39,302800,200
2011-08-18 09:57:40,299772,198
2011-08-18 09:57:41,302800,200
2011-08-18 09:57:42,302800,200
2011-08-18 09:57:43,302800,200
2011-08-18 09:57:44,302800,200
2011-08-18 09:57:45,302800,200
2011-08-18 09:57:46,303109,204
2011-08-18 09:57:47,299772,198
2011-08-18 09:57:48,302800,200
2011-08-18 09:57:49,302800,200
2011-08-18 09:57:50,302800,200
2011-08-18 09:57:51,302800,200
2011-08-18 09:57:52,302800,200
2011-08-18 09:57:53,302800,200
2011-08-18 09:57:54,302800,200
2011-08-18 09:57:55,299772,198
2011-08-18 09:57:56,302800,200
2011-08-18 09:57:57,302800,200
2011-08-18 09:57:58,302800,200
2011-08-18 09:57:59,302800,200
2011-08-18 09:58:00,302800,200
2011-08-18 09:58:01,299772,198
2011-08-18 09:58:02,302800,200
2011-08-18 09:58:03,302800,200
2011-08-18 09:58:04,302800,200
2011-08-18 09:58:05,302800,200
2011-08-18 09:58:06,302800,200
2011-08-18 09:58:07,302800,200
2011-08-18 09:58:08,299772,198
2011-08-18 09:58:09,302800,200
2011-08-18 09:58:10,302800,200
2011-08-18 09:58:11,302800,200
2011-08-18 09:58:12,302800,200
2011-08-18 09:58:13,302800,200
2011-08-18 09:58:14,302800,200
2011-08-18 09:58:15,299772,198
2011-08-18 09:58:16,302800,200
2011-08-18 09:58:17,302800,200
2011-08-18 09:58:18,302800,200
2011-08-18 09:58:19,302800,200
2011-08-18 09:58:20,302800,200
2011-08-18 09:58:21,302800,200
2011-08-18 09:58:22,299772,198
2011-08-18 09:58:23,302800,200
2011-08-18 09:58:24,302800,200
2011-08-18 09:58:25,302800,200
2011-08-18 09:58:26,302800,200
2011-08-18 09:58:27,302800,200
2011-08-18 09:58:28,302800,200
2011-08-18 09:58:29,299772,198
2011-08-18 09:58:30,302800,200
2011-08-18 09:58:31,302800,200
2011-08-18 09:58:32,302800,200
2011-08-18 09:58:33,302800,200
2011-08-18 09:58:34,302800,200
2011-08-18 09:58:35,302800,200
2011-08-18 09:58:36,299772,198
2011-08-18 09:58:37,302800,200
2011-08-18 09:58:38,302800,200
2011-08-18 09:58:39,302800,200
2011-08-18 09:58:40,302800,200
2011-08-18 09:58:41,302800,200
2011-08-18 09:58:42,302800,200
2011-08-18 09:58:43,284632,188
2011-08-18 09:58:44,302800,200
2011-08-18 09:58:45,302800,200
2011-08-18 09:58:46,302800,200
2011-08-18 09:58:47,302800,200
2011-08-18 09:58:48,302800,200
2011-08-18 09:58:49,302800,200
2011-08-18 09:58:50,299772,198
2011-08-18 09:58:51,302800,200
2011-08-18 09:58:52,302800,200
2011-08-18 09:58:53,302800,200
2011-08-18 09:58:54,302800,200
2011-08-18 09:58:55,302800,200
2011-08-18 09:58:56,302800,200
2011-08-18 09:58:57,299772,198
2011-08-18 09:58:58,302800,200
2011-08-18 09:58:59,302800,200
2011-08-18 09:59:00,302800,200
2011-08-18 09:59:01,302800,200
2011-08-18 09:59:02,302800,200
2011-08-18 09:59:03,302800,200
2011-08-18 09:59:04,299772,198
2011-08-18 09:59:05,302800,200
2011-08-18 09:59:06,302800,200
2011-08-18 09:59:07,302800,200
2011-08-18 09:59:08,302800,200
2011-08-18 09:59:09,302800,200
2011-08-18 09:59:10,302800,200
2011-08-18 09:59:11,299772,198
2011-08-18 09:59:12,293716,194
2011-08-18 09:59:13,302800,200
2011-08-18 09:59:14,302800,200
2011-08-18 09:59:15,302800,200
2011-08-18 09:59:16,302800,200
2011-08-18 09:59:17,302800,200
2011-08-18 09:59:18,299772,198
2011-08-18 09:59:19,302800,200
2011-08-18 09:59:20,302800,200
2011-08-18 09:59:21,302800,200
2011-08-18 09:59:22,302800,200
2011-08-18 09:59:23,302800,200
2011-08-18 09:59:24,302800,200
2011-08-18 09:59:25,299772,198
2011-08-18 09:59:26,302800,200
2011-08-18 09:59:27,302800,200
2011-08-18 09:59:28,302800,200
2011-08-18 09:59:29,302800,200
2011-08-18 09:59:30,290688,192
2011-08-18 09:59:31,302800,200
2011-08-18 09:59:32,299772,198
2011-08-18 09:59:33,302800,200
2011-08-18 09:59:34,302800,200
2011-08-18 09:59:35,302800,200
2011-08-18 09:59:36,302800,200
2011-08-18 09:59:37,302800,200
2011-08-18 09:59:38,302800,200
2011-08-18 09:59:39,299772,198
2011-08-18 09:59:40,302800,200
2011-08-18 09:59:41,302800,200
2011-08-18 09:59:42,302800,200
2011-08-18 09:59:43,302800,200
2011-08-18 09:59:44,302800,200
2011-08-18 09:59:45,299772,198
2011-08-18 09:59:46,302800,200
2011-08-18 09:59:47,302800,200
2011-08-18 09:59:48,302800,200
2011-08-18 09:59:49,302800,200
2011-08-18 09:59:50,302800,200
2011-08-18 09:59:51,302800,200
2011-08-18 09:59:52,299772,198
2011-08-18 09:59:53,302800,200
2011-08-18 09:59:54,302800,200
2011-08-18 09:59:55,302800,200
2011-08-18 09:59:56,302800,200
2011-08-18 09:59:57,302800,200
2011-08-18 09:59:58,302800,200
2011-08-18 09:59:59,299772,198
2011-08-18 10:00:00,302800,200
2011-08-18 10:00:01,299772,198
2011-08-18 10:00:02,302800,200
2011-08-18 10:00:03,302800,200
2011-08-18 10:00:04,302800,200
2011-08-18 10:00:05,302800,200
2011-08-18 10:00:06,299772,198
2011-08-18 10:00:07,302800,200
2011-08-18 10:00:08,302800,200
2011-08-18 10:00:09,302800,200
2011-08-18 10:00:10,303109,204
2011-08-18 10:00:11,302800,200
2011-08-18 10:00:12,302800,200
2011-08-18 10:00:13,299772,198
2011-08-18 10:00:14,299772,198
2011-08-18 10:00:15,302800,200
2011-08-18 10:00:16,302800,200
2011-08-18 10:00:17,302800,200
2011-08-18 10:00:18,302800,200
2011-08-18 10:00:19,302800,200
2011-08-18 10:00:20,302800,200
2011-08-18 10:00:21,299772,198
2011-08-18 10:00:22,302800,200
2011-08-18 10:00:23,302800,200
2011-08-18 10:00:24,302800,200
2011-08-18 10:00:25,302800,200
2011-08-18 10:00:26,302800,200
2011-08-18 10:00:27,299772,198
2011-08-18 10:00:28,302980,203
2011-08-18 10:00:29,302800,200
2011-08-18 10:00:30,302800,200
2011-08-18 10:00:31,302920,202
2011-08-18 10:00:32,302800,200
2011-08-18 10:00:33,302800,200
2011-08-18 10:00:34,299772,198
2011-08-18 10:00:35,302800,200
2011-08-18 10:00:36,302800,200
2011-08-18 10:00:37,302920,202
2011-08-18 10:00:38,302800,200
2011-08-18 10:00:39,302800,200
2011-08-18 10:00:40,302800,200
2011-08-18 10:00:41,299772,198
2011-08-18 10:00:42,302800,200
2011-08-18 10:00:43,302800,200
2011-08-18 10:00:44,302800,200
2011-08-18 10:00:45,302800,200
2011-08-18 10:00:46,293716,194
2011-08-18 10:00:47,302800,200
2011-08-18 10:00:48,296744,196
2011-08-18 10:00:49,302800,200
2011-08-18 10:00:50,302800,200
2011-08-18 10:00:51,302800,200
2011-08-18 10:00:52,302800,200
2011-08-18 10:00:53,302800,200
2011-08-18 10:00:54,302800,200
2011-08-18 10:00:55,299772,198
2011-08-18 10:00:56,302800,200
2011-08-18 10:00:57,299772,198
2011-08-18 10:00:58,302800,200
2011-08-18 10:00:59,302800,200
2011-08-18 10:01:00,302800,200
2011-08-18 10:01:01,302800,200
2011-08-18 10:01:02,299772,198
2011-08-18 10:01:03,302800,200
2011-08-18 10:01:04,302800,200
2011-08-18 10:01:05,302800,200
2011-08-18 10:01:06,302800,200
2011-08-18 10:01:07,302800,200
2011-08-18 10:01:08,302800,200
2011-08-18 10:01:09,299772,198
2011-08-18 10:01:10,302800,200
2011-08-18 10:01:11,302800,200
2011-08-18 10:01:12,302800,200
2011-08-18 10:01:13,302800,200
2011-08-18 10:01:14,302800,200
2011-08-18 10:01:15,302800,200
2011-08-18 10:01:16,299772,198
2011-08-18 10:01:17,302800,200
2011-08-18 10:01:18,302800,200
2011-08-18 10:01:19,302800,200
2011-08-18 10:01:20,302800,200
2011-08-18 10:01:21,302800,200
2011-08-18 10:01:22,302800,200
2011-08-18 10:01:23,299772,198
2011-08-18 10:01:24,302800,200
2011-08-18 10:01:25,302800,200
2011-08-18 10:01:26,302800,200
2011-08-18 10:01:27,302800,200
2011-08-18 10:01:28,302800,200
2011-08-18 10:01:29,302800,200
2011-08-18 10:01:30,299772,198
2011-08-18 10:01:31,302800,200
2011-08-18 10:01:32,302800,200
2011-08-18 10:01:33,302800,200
2011-08-18 10:01:34,302800,200
2011-08-18 10:01:35,302800,200
2011-08-18 10:01:36,302800,200
2011-08-18 10:01:37,299772,198
2011-08-18 10:01:38,302800,200
2011-08-18 10:01:39,302800,200
2011-08-18 10:01:40,302800,200
2011-08-18 10:01:41,302800,200
2011-08-18 10:01:42,302800,200
2011-08-18 10:01:43,302800,200
2011-08-18 10:01:44,299772,198
2011-08-18 10:01:45,302800,200
2011-08-18 10:01:46,302800,200
2011-08-18 10:01:47,302800,200
2011-08-18 10:01:48,302800,200
2011-08-18 10:01:49,296744,196
2011-08-18 10:01:50,302800,200
2011-08-18 10:01:51,299772,198
2011-08-18 10:01:52,302800,200
2011-08-18 10:01:53,302800,200
2011-08-18 10:01:54,302800,200
2011-08-18 10:01:55,302800,200
2011-08-18 10:01:56,302800,200
2011-08-18 10:01:57,302800,200
2011-08-18 10:01:58,299772,198
2011-08-18 10:01:59,302800,200
2011-08-18 10:02:00,302800,200
2011-08-18 10:02:01,302800,200
2011-08-18 10:02:02,302800,200
2011-08-18 10:02:03,302800,200
2011-08-18 10:02:04,302800,200
2011-08-18 10:02:05,299772,198
2011-08-18 10:02:06,302800,200
2011-08-18 10:02:07,302800,200
2011-08-18 10:02:08,302800,200
2011-08-18 10:02:09,302800,200
2011-08-18 10:02:10,302800,200
2011-08-18 10:02:11,302800,200
2011-08-18 10:02:12,299772,198
2011-08-18 10:02:13,302800,200
2011-08-18 10:02:14,302800,200
2011-08-18 10:02:15,302800,200
2011-08-18 10:02:16,302800,200
2011-08-18 10:02:17,302800,200
2011-08-18 10:02:18,302800,200
2011-08-18 10:02:19,299772,198
2011-08-18 10:02:20,296744,196
2011-08-18 10:02:21,302800,200
2011-08-18 10:02:22,302800,200
2011-08-18 10:02:23,302800,200
2011-08-18 10:02:24,302800,200
2011-08-18 10:02:25,302800,200
2011-08-18 10:02:26,299772,198
2011-08-18 10:02:27,302800,200
2011-08-18 10:02:28,302800,200
2011-08-18 10:02:29,302800,200
2011-08-18 10:02:30,302800,200
2011-08-18 10:02:31,302800,200
2011-08-18 10:02:32,302800,200
2011-08-18 10:02:33,299772,198
2011-08-18 10:02:34,303109,204
2011-08-18 10:02:35,302800,200
2011-08-18 10:02:36,302800,200
2011-08-18 10:02:37,302800,200
2011-08-18 10:02:38,302800,200
2011-08-18 10:02:39,299772,198
2011-08-18 10:02:40,302800,200
2011-08-18 10:02:41,302800,200
2011-08-18 10:02:42,302800,200
2011-08-18 10:02:43,302800,200
2011-08-18 10:02:44,302800,200
2011-08-18 10:02:45,302800,200
2011-08-18 10:02:46,299772,198
2011-08-18 10:02:47,302800,200
2011-08-18 10:02:48,302800,200
2011-08-18 10:02:49,302800,200
2011-08-18 10:02:50,302800,200
2011-08-18 10:02:51,302800,200
2011-08-18 10:02:52,302800,200
2011-08-18 10:02:53,302800,200
2011-08-18 10:02:54,299772,198
2011-08-18 10:02:55,302800,200
2011-08-18 10:02:56,302800,200
2011-08-18 10:02:57,302800,200
2011-08-18 10:02:58,302800,200
2011-08-18 10:02:59,302800,200
2011-08-18 10:03:00,299772,198
2011-08-18 10:03:01,302800,200
2011-08-18 10:03:02,302800,200
2011-08-18 10:03:03,302800,200
2011-08-18 10:03:04,302800,200
2011-08-18 10:03:05,302800,200
2011-08-18 10:03:06,302800,200
2011-08-18 10:03:07,299772,198
2011-08-18 10:03:08,302800,200
2011-08-18 10:03:09,302800,200
2011-08-18 10:03:10,302800,200
2011-08-18 10:03:11,299772,198
2011-08-18 10:03:12,302800,200
2011-08-18 10:03:13,302800,200
2011-08-18 10:03:14,302800,200
2011-08-18 10:03:15,299772,198
2011-08-18 10:03:16,302800,200
2011-08-18 10:03:17,302800,200
2011-08-18 10:03:18,302800,200
2011-08-18 10:03:19,302800,200
2011-08-18 10:03:20,302800,200
2011-08-18 10:03:21,299772,198
2011-08-18 10:03:22,302800,200
2011-08-18 10:03:23,299772,198
2011-08-18 10:03:24,302800,200
2011-08-18 10:03:25,302800,200
2011-08-18 10:03:26,302800,200
2011-08-18 10:03:27,302800,200
2011-08-18 10:03:28,299772,198
2011-08-18 10:03:29,302800,200
2011-08-18 10:03:30,302800,200
2011-08-18 10:03:31,302800,200
2011-08-18 10:03:32,302800,200
2011-08-18 10:03:33,302800,200
2011-08-18 10:03:34,302800,200
2011-08-18 10:03:35,299772,198
2011-08-18 10:03:36,302800,200
2011-08-18 10:03:37,302800,200
2011-08-18 10:03:38,302800,200
2011-08-18 10:03:39,302800,200
2011-08-18 10:03:40,302800,200
2011-08-18 10:03:41,302800,200
2011-08-18 10:03:42,299772,198
2011-08-18 10:03:43,302800,200
2011-08-18 10:03:44,302800,200
2011-08-18 10:03:45,302800,200
2011-08-18 10:03:46,302800,200
2011-08-18 10:03:47,302800,200
2011-08-18 10:03:48,302800,200
2011-08-18 10:03:49,296744,196
2011-08-18 10:03:50,302800,200
2011-08-18 10:03:51,302800,200
2011-08-18 10:03:52,302800,200
2011-08-18 10:03:53,302800,200
2011-08-18 10:03:54,302800,200
2011-08-18 10:03:55,293716,194
2011-08-18 10:03:56,281604,186
2011-08-18 10:03:57,302800,200
2011-08-18 10:03:58,302800,200
2011-08-18 10:03:59,302800,200
2011-08-18 10:04:00,302800,200
2011-08-18 10:04:01,302800,200
2011-08-18 10:04:02,302800,200
2011-08-18 10:04:03,299772,198
2011-08-18 10:04:04,302800,200
2011-08-18 10:04:05,299772,198
2011-08-18 10:04:06,302800,200
2011-08-18 10:04:07,302800,200
2011-08-18 10:04:08,302800,200
2011-08-18 10:04:09,302800,200
2011-08-18 10:04:10,299772,198
2011-08-18 10:04:11,302800,200
2011-08-18 10:04:12,302800,200
2011-08-18 10:04:13,302800,200
2011-08-18 10:04:14,302800,200
2011-08-18 10:04:15,302800,200
2011-08-18 10:04:16,302800,200
2011-08-18 10:04:17,299772,198
2011-08-18 10:04:18,302800,200
2011-08-18 10:04:19,302800,200
2011-08-18 10:04:20,302800,200
2011-08-18 10:04:21,302800,200
2011-08-18 10:04:22,272520,180
2011-08-18 10:04:23,302800,200
2011-08-18 10:04:24,299772,198
2011-08-18 10:04:25,302800,200
2011-08-18 10:04:26,302800,200
2011-08-18 10:04:27,302800,200
2011-08-18 10:04:28,302800,200
2011-08-18 10:04:29,302800,200
2011-08-18 10:04:30,302800,200
2011-08-18 10:04:31,299772,198
2011-08-18 10:04:32,302800,200
2011-08-18 10:04:33,302800,200
2011-08-18 10:04:34,302800,200
2011-08-18 10:04:35,302800,200
2011-08-18 10:04:36,290688,192
2011-08-18 10:04:37,302800,200
2011-08-18 10:04:38,299772,198
2011-08-18 10:04:39,302800,200
2011-08-18 10:04:40,302800,200
2011-08-18 10:04:41,302800,200
2011-08-18 10:04:42,302800,200
2011-08-18 10:04:43,284632,188
2011-08-18 10:04:44,302800,200
2011-08-18 10:04:45,299772,198
2011-08-18 10:04:46,302800,200
2011-08-18 10:04:47,301286,199
2011-08-18 10:04:48,302800,200
2011-08-18 10:04:49,302800,200
2011-08-18 10:04:50,302800,200
2011-08-18 10:04:51,284632,188
2011-08-18 10:04:52,299772,198
2011-08-18 10:04:53,302800,200
2011-08-18 10:04:54,302800,200
2011-08-18 10:04:55,302800,200
2011-08-18 10:04:56,299772,198
2011-08-18 10:04:57,302800,200
2011-08-18 10:04:58,266773,180
2011-08-18 10:04:59,299772,198
2011-08-18 10:05:00,302800,200
2011-08-18 10:05:01,302800,200
2011-08-18 10:05:02,296744,196
2011-08-18 10:05:03,105980,70
2011-08-18 10:05:04,302800,200
2011-08-18 10:05:05,302800,200
2011-08-18 10:05:06,299772,198
2011-08-18 10:05:07,302800,200
2011-08-18 10:05:08,299772,198
2011-08-18 10:05:09,302800,200
2011-08-18 10:05:10,302800,200
2011-08-18 10:05:11,302800,200
2011-08-18 10:05:12,299772,198
2011-08-18 10:05:13,302800,200
2011-08-18 10:05:14,302800,200
2011-08-18 10:05:15,302800,200
2011-08-18 10:05:16,302800,200
2011-08-18 10:05:17,299772,198
2011-08-18 10:05:18,302800,200
2011-08-18 10:05:19,302800,200
2011-08-18 10:05:20,299772,198
2011-08-18 10:05:21,302800,200
2011-08-18 10:05:22,293716,194
2011-08-18 10:05:23,302800,200
2011-08-18 10:05:24,302800,200
2011-08-18 10:05:25,302800,200
2011-08-18 10:05:26,296744,196
2011-08-18 10:05:27,299772,198
2011-08-18 10:05:28,302800,200
2011-08-18 10:05:29,299772,198
2011-08-18 10:05:30,302800,200
2011-08-18 10:05:31,302800,200
2011-08-18 10:05:32,302800,200
2011-08-18 10:05:33,299772,198
2011-08-18 10:05:34,299772,198
2011-08-18 10:05:35,302800,200
2011-08-18 10:05:36,302800,200
2011-08-18 10:05:37,302800,200
2011-08-18 10:05:38,302800,200
2011-08-18 10:05:39,299772,198
2011-08-18 10:05:40,296744,196
2011-08-18 10:05:41,302800,200
2011-08-18 10:05:42,302800,200
2011-08-18 10:05:43,302800,200
2011-08-18 10:05:44,302800,200
2011-08-18 10:05:45,269492,178
2011-08-18 10:05:46,148372,98
2011-08-18 10:05:47,302800,200
2011-08-18 10:05:48,299772,198
2011-08-18 10:05:49,302800,200
2011-08-18 10:05:50,302800,200
2011-08-18 10:05:51,302800,200
2011-08-18 10:05:52,302800,200
2011-08-18 10:05:53,302800,200
2011-08-18 10:05:54,299772,198
2011-08-18 10:05:55,302800,200
2011-08-18 10:05:56,302800,200
2011-08-18 10:05:57,302800,200
2011-08-18 10:05:58,302800,200
2011-08-18 10:05:59,302800,200
2011-08-18 10:06:00,302800,200
2011-08-18 10:06:01,299772,198
2011-08-18 10:06:02,302800,200
2011-08-18 10:06:03,302800,200
2011-08-18 10:06:04,302800,200
2011-08-18 10:06:05,302800,200
2011-08-18 10:06:06,278576,184
2011-08-18 10:06:07,302800,200
2011-08-18 10:06:08,299772,198
2011-08-18 10:06:09,302800,200
2011-08-18 10:06:10,302800,200
2011-08-18 10:06:11,302800,200
2011-08-18 10:06:12,299772,198
2011-08-18 10:06:13,302800,200
2011-08-18 10:06:14,302800,200
2011-08-18 10:06:15,299772,198
2011-08-18 10:06:16,302800,200
2011-08-18 10:06:17,302800,200
2011-08-18 10:06:18,302800,200
2011-08-18 10:06:19,302800,200
2011-08-18 10:06:20,302800,200
2011-08-18 10:06:21,302800,200
2011-08-18 10:06:22,299772,198
2011-08-18 10:06:23,302800,200
2011-08-18 10:06:24,302800,200
2011-08-18 10:06:25,302800,200
2011-08-18 10:06:26,302800,200
2011-08-18 10:06:27,302800,200
2011-08-18 10:06:28,302800,200
2011-08-18 10:06:29,299772,198
2011-08-18 10:06:30,302800,200
2011-08-18 10:06:31,302800,200
2011-08-18 10:06:32,302800,200
2011-08-18 10:06:33,302800,200
2011-08-18 10:06:34,302800,200
2011-08-18 10:06:35,302800,200
2011-08-18 10:06:36,299772,198
2011-08-18 10:06:37,302800,200
2011-08-18 10:06:38,302800,200
2011-08-18 10:06:39,302800,200
2011-08-18 10:06:40,302800,200
2011-08-18 10:06:41,302800,200
2011-08-18 10:06:42,302800,200
2011-08-18 10:06:43,275548,182
2011-08-18 10:06:44,302800,200
2011-08-18 10:06:45,302800,200
2011-08-18 10:06:46,302800,200
2011-08-18 10:06:47,302800,200
2011-08-18 10:06:48,302800,200
2011-08-18 10:06:49,302800,200
2011-08-18 10:06:50,299772,198
2011-08-18 10:06:51,302800,200
2011-08-18 10:06:52,302800,200
2011-08-18 10:06:53,302800,200
2011-08-18 10:06:54,302800,200
2011-08-18 10:06:55,303278,204
2011-08-18 10:06:56,304206,211
2011-08-18 10:06:57,299772,198
2011-08-18 10:06:58,293716,194
2011-08-18 10:06:59,302800,200
2011-08-18 10:07:00,302800,200
2011-08-18 10:07:01,302800,200
2011-08-18 10:07:02,302800,200
2011-08-18 10:07:03,302800,200
2011-08-18 10:07:04,299772,198
2011-08-18 10:07:05,302800,200
2011-08-18 10:07:06,302800,200
2011-08-18 10:07:07,302800,200
2011-08-18 10:07:08,302800,200
2011-08-18 10:07:09,302800,200
2011-08-18 10:07:10,302800,200
2011-08-18 10:07:11,299772,198
2011-08-18 10:07:12,302800,200
2011-08-18 10:07:13,302800,200
2011-08-18 10:07:14,301286,199
2011-08-18 10:07:15,302800,200
2011-08-18 10:07:16,302800,200
2011-08-18 10:07:17,302800,200
2011-08-18 10:07:18,299772,198
2011-08-18 10:07:19,302800,200
2011-08-18 10:07:20,302800,200
2011-08-18 10:07:21,302800,200
2011-08-18 10:07:22,302800,200
2011-08-18 10:07:23,302800,200
2011-08-18 10:07:24,299772,198
2011-08-18 10:07:25,302800,200
2011-08-18 10:07:26,302800,200
2011-08-18 10:07:27,302800,200
2011-08-18 10:07:28,302800,200
2011-08-18 10:07:29,302800,200
2011-08-18 10:07:30,302800,200
2011-08-18 10:07:31,302800,200
2011-08-18 10:07:32,299772,198
2011-08-18 10:07:33,302800,200
2011-08-18 10:07:34,302800,200
2011-08-18 10:07:35,302800,200
2011-08-18 10:07:36,302800,200
2011-08-18 10:07:37,303297,204
2011-08-18 10:07:38,304428,214
2011-08-18 10:07:39,299772,198
2011-08-18 10:07:40,302800,200
2011-08-18 10:07:41,115064,76
2011-08-18 10:07:42,302800,200
2011-08-18 10:07:43,302800,200
2011-08-18 10:07:44,302800,200
2011-08-18 10:07:45,302800,200
2011-08-18 10:07:46,293716,194
2011-08-18 10:07:47,302800,200
2011-08-18 10:07:48,302800,200
2011-08-18 10:07:49,302800,200
2011-08-18 10:07:50,302800,200
2011-08-18 10:07:51,146745,105
2011-08-18 10:07:52,691,6
2011-08-18 10:08:54,126385,130
2011-08-18 10:08:55,206033,203
2011-08-18 10:08:56,207582,200
2011-08-18 10:08:57,207450,200
2011-08-18 10:08:58,207486,200
2011-08-18 10:08:59,207418,200
2011-08-18 10:09:00,207602,200
2011-08-18 10:09:01,207480,200
2011-08-18 10:09:02,205456,198
2011-08-18 10:09:03,207464,200
2011-08-18 10:09:04,207550,200
2011-08-18 10:09:05,207522,200
2011-08-18 10:09:06,207540,200
2011-08-18 10:09:07,207494,200
2011-08-18 10:09:08,207484,200
2011-08-18 10:09:09,205486,198
2011-08-18 10:09:10,207412,200
2011-08-18 10:09:11,207534,200
2011-08-18 10:09:12,207538,200
2011-08-18 10:09:13,207506,200
2011-08-18 10:09:14,207580,200
2011-08-18 10:09:15,207482,200
2011-08-18 10:09:16,205474,198
2011-08-18 10:09:17,207524,200
2011-08-18 10:09:18,207498,200
2011-08-18 10:09:19,207588,200
2011-08-18 10:09:20,207482,200
2011-08-18 10:09:21,207460,200
2011-08-18 10:09:22,207562,200
2011-08-18 10:09:23,205304,198
2011-08-18 10:09:24,207444,200
2011-08-18 10:09:25,207520,200
2011-08-18 10:09:26,207578,200
2011-08-18 10:09:27,203358,196
2011-08-18 10:09:28,207426,200
2011-08-18 10:09:29,207892,202
2011-08-18 10:09:30,205458,198
2011-08-18 10:09:31,207508,200
2011-08-18 10:09:32,207552,200
2011-08-18 10:09:33,207590,200
2011-08-18 10:09:34,207518,200
2011-08-18 10:09:35,207548,200
2011-08-18 10:09:36,207614,200
2011-08-18 10:09:37,205366,198
2011-08-18 10:09:38,207498,200
2011-08-18 10:09:39,207520,200
2011-08-18 10:09:40,207550,200
2011-08-18 10:09:41,207588,200
2011-08-18 10:09:42,207458,200
2011-08-18 10:09:43,207560,200
2011-08-18 10:09:44,205378,198
2011-08-18 10:09:45,207524,200
2011-08-18 10:09:46,207588,200
2011-08-18 10:09:47,207400,200
2011-08-18 10:09:48,207500,200
2011-08-18 10:09:49,207448,200
2011-08-18 10:09:50,207496,200
2011-08-18 10:09:51,205398,198
2011-08-18 10:09:52,207452,200
2011-08-18 10:09:53,207536,200
2011-08-18 10:09:54,207458,200
2011-08-18 10:09:55,207526,200
2011-08-18 10:09:56,207396,200
2011-08-18 10:09:57,205354,198
2011-08-18 10:09:58,205358,198
2011-08-18 10:09:59,207532,200
2011-08-18 10:10:00,207460,200
2011-08-18 10:10:01,207572,200
2011-08-18 10:10:02,207558,200
2011-08-18 10:10:03,207550,200
2011-08-18 10:10:04,207426,200
2011-08-18 10:10:05,205380,198
2011-08-18 10:10:06,207436,200
2011-08-18 10:10:07,207494,200
2011-08-18 10:10:08,207510,200
2011-08-18 10:10:09,207484,200
2011-08-18 10:10:10,207492,200
2011-08-18 10:10:11,207508,200
2011-08-18 10:10:12,205438,198
2011-08-18 10:10:13,207406,200
2011-08-18 10:10:14,207472,200
2011-08-18 10:10:15,207552,200
2011-08-18 10:10:16,207506,200
2011-08-18 10:10:17,207488,200
2011-08-18 10:10:18,207446,200
2011-08-18 10:10:19,205508,198
2011-08-18 10:10:20,207500,200
2011-08-18 10:10:21,207538,200
2011-08-18 10:10:22,207434,200
2011-08-18 10:10:23,207610,200
2011-08-18 10:10:24,207426,200
2011-08-18 10:10:25,207490,200
2011-08-18 10:10:26,205432,198
2011-08-18 10:10:27,207520,200
2011-08-18 10:10:28,207496,200
2011-08-18 10:10:29,203396,196
2011-08-18 10:10:30,207460,200
2011-08-18 10:10:31,207520,200
2011-08-18 10:10:32,207498,200
2011-08-18 10:10:33,205412,198
2011-08-18 10:10:34,207518,200
2011-08-18 10:10:35,207478,200
2011-08-18 10:10:36,207586,200
2011-08-18 10:10:37,207570,200
2011-08-18 10:10:38,207484,200
2011-08-18 10:10:39,205388,198
2011-08-18 10:10:40,207544,200
2011-08-18 10:10:41,207474,200
2011-08-18 10:10:42,207582,200
2011-08-18 10:10:43,207460,200
2011-08-18 10:10:44,207482,200
2011-08-18 10:10:45,207494,200
2011-08-18 10:10:46,207452,200
2011-08-18 10:10:47,205352,198
2011-08-18 10:10:48,207530,200
2011-08-18 10:10:49,207552,200
2011-08-18 10:10:50,207464,200
2011-08-18 10:10:51,207492,200
2011-08-18 10:10:52,207394,200
2011-08-18 10:10:53,205446,198
2011-08-18 10:10:54,207480,200
2011-08-18 10:10:55,207470,200
2011-08-18 10:10:56,207452,200
2011-08-18 10:10:57,207482,200
2011-08-18 10:10:58,207797,204
2011-08-18 10:10:59,207556,200
2011-08-18 10:11:00,195010,188
2011-08-18 10:11:01,192930,186
2011-08-18 10:11:02,207440,200
2011-08-18 10:11:03,207566,200
2011-08-18 10:11:04,207600,200
2011-08-18 10:11:05,207394,200
2011-08-18 10:11:06,207598,200
2011-08-18 10:11:07,205528,198
2011-08-18 10:11:08,188913,182
2011-08-18 10:11:09,205318,198
2011-08-18 10:11:10,198191,191
2011-08-18 10:11:11,207456,200
2011-08-18 10:11:12,207532,200
2011-08-18 10:11:13,207418,200
2011-08-18 10:11:14,205482,198
2011-08-18 10:11:15,207564,200
2011-08-18 10:11:16,207434,200
2011-08-18 10:11:17,207552,200
2011-08-18 10:11:18,207576,200
2011-08-18 10:11:19,207652,200
2011-08-18 10:11:20,207544,200
2011-08-18 10:11:21,205472,198
2011-08-18 10:11:22,207448,200
2011-08-18 10:11:23,207420,200
2011-08-18 10:11:24,207396,200
2011-08-18 10:11:25,207534,200
2011-08-18 10:11:26,207548,200
2011-08-18 10:11:27,207432,200
2011-08-18 10:11:28,205482,198
2011-08-18 10:11:29,207528,200
2011-08-18 10:11:30,207466,200
2011-08-18 10:11:31,203380,196
2011-08-18 10:11:32,207614,200
2011-08-18 10:11:33,207494,200
2011-08-18 10:11:34,207552,200
2011-08-18 10:11:35,205348,198
2011-08-18 10:11:36,207498,200
2011-08-18 10:11:37,207550,200
2011-08-18 10:11:38,207504,200
2011-08-18 10:11:39,207474,200
2011-08-18 10:11:40,207542,200
2011-08-18 10:11:41,205348,198
2011-08-18 10:11:42,207508,200
2011-08-18 10:11:43,207514,200
2011-08-18 10:11:44,207590,200
2011-08-18 10:11:45,207484,200
2011-08-18 10:11:46,207560,200
2011-08-18 10:11:47,207506,200
2011-08-18 10:11:48,207418,200
2011-08-18 10:11:49,205462,198
2011-08-18 10:11:50,207552,200
2011-08-18 10:11:51,207508,200
2011-08-18 10:11:52,207536,200
2011-08-18 10:11:53,207494,200
2011-08-18 10:11:54,207548,200
2011-08-18 10:11:55,207440,200
2011-08-18 10:11:56,205460,198
2011-08-18 10:11:57,207408,200
2011-08-18 10:11:58,207492,200
2011-08-18 10:11:59,207592,200
2011-08-18 10:12:00,207452,200
2011-08-18 10:12:01,194972,188
2011-08-18 10:12:02,93366,90
2011-08-18 10:12:03,155608,150
2011-08-18 10:12:04,144454,145
2011-08-18 10:12:05,1274,14
2011-08-18 10:12:27,4312,5
2011-08-18 10:12:28,209868,215
2011-08-18 10:12:29,207510,202
2011-08-18 10:12:30,207482,200
2011-08-18 10:12:31,205320,198
2011-08-18 10:12:32,188838,182
2011-08-18 10:12:33,207550,200
2011-08-18 10:12:34,207530,200
2011-08-18 10:12:35,207528,200
2011-08-18 10:12:36,207488,200
2011-08-18 10:12:37,207482,200
2011-08-18 10:12:38,205474,198
2011-08-18 10:12:39,207546,200
2011-08-18 10:12:40,207566,200
2011-08-18 10:12:41,207488,200
2011-08-18 10:12:42,207474,200
2011-08-18 10:12:43,207596,200
2011-08-18 10:12:44,207506,200
2011-08-18 10:12:45,205412,198
2011-08-18 10:12:46,207444,200
2011-08-18 10:12:47,207466,200
2011-08-18 10:12:48,207486,200
2011-08-18 10:12:49,207564,200
2011-08-18 10:12:50,207520,200
2011-08-18 10:12:51,205434,198
2011-08-18 10:12:52,207502,200
2011-08-18 10:12:53,207496,200
2011-08-18 10:12:54,207512,200
2011-08-18 10:12:55,207420,200
2011-08-18 10:12:56,207522,200
2011-08-18 10:12:57,207450,200
2011-08-18 10:12:58,205430,198
2011-08-18 10:12:59,207550,200
2011-08-18 10:13:00,207514,200
2011-08-18 10:13:01,207570,200
2011-08-18 10:13:02,207570,200
2011-08-18 10:13:03,207470,200
2011-08-18 10:13:04,207544,200
2011-08-18 10:13:05,207464,200
2011-08-18 10:13:06,205396,198
2011-08-18 10:13:07,207402,200
2011-08-18 10:13:08,207468,200
2011-08-18 10:13:09,207408,200
2011-08-18 10:13:10,207542,200
2011-08-18 10:13:11,207410,200
2011-08-18 10:13:12,205418,198
2011-08-18 10:13:13,207518,200
2011-08-18 10:13:14,207480,200
2011-08-18 10:13:15,207446,200
2011-08-18 10:13:16,207560,200
2011-08-18 10:13:17,207444,200
2011-08-18 10:13:18,207398,200
2011-08-18 10:13:19,205476,198
2011-08-18 10:13:20,207576,200
2011-08-18 10:13:21,207524,200
2011-08-18 10:13:22,207436,200
2011-08-18 10:13:23,207546,200
2011-08-18 10:13:24,207448,200
2011-08-18 10:13:25,207522,200
2011-08-18 10:13:26,206494,199
2011-08-18 10:13:27,206428,199
2011-08-18 10:13:28,207488,200
2011-08-18 10:13:29,207452,200
2011-08-18 10:13:30,207464,200
2011-08-18 10:13:31,207512,200
2011-08-18 10:13:32,207466,200
2011-08-18 10:13:33,203334,196
2011-08-18 10:13:34,207500,200
2011-08-18 10:13:35,207534,200
2011-08-18 10:13:36,192945,186
2011-08-18 10:13:37,207428,200
2011-08-18 10:13:38,207432,200
2011-08-18 10:13:39,207472,200
2011-08-18 10:13:40,205458,198
2011-08-18 10:13:41,207492,200
2011-08-18 10:13:42,207562,200
2011-08-18 10:13:43,207522,200
2011-08-18 10:13:44,207444,200
2011-08-18 10:13:45,207464,200
2011-08-18 10:13:46,207530,200
2011-08-18 10:13:47,205378,198
2011-08-18 10:13:48,207460,200
2011-08-18 10:13:49,207382,200
2011-08-18 10:13:50,207474,200
2011-08-18 10:13:51,207448,200
2011-08-18 10:13:52,207492,200
2011-08-18 10:13:53,207464,200
2011-08-18 10:13:54,205540,198
2011-08-18 10:13:55,207560,200
2011-08-18 10:13:56,207526,200
2011-08-18 10:13:57,207422,200
2011-08-18 10:13:58,207476,200
2011-08-18 10:13:59,207492,200
2011-08-18 10:14:00,207382,200
2011-08-18 10:14:01,205432,198
2011-08-18 10:14:02,207462,200
2011-08-18 10:14:03,207448,200
2011-08-18 10:14:04,205486,198
2011-08-18 10:14:05,207518,200
2011-08-18 10:14:06,207488,200
2011-08-18 10:14:07,207482,200
2011-08-18 10:14:08,205432,198
2011-08-18 10:14:09,207570,200
2011-08-18 10:14:10,207566,200
2011-08-18 10:14:11,207468,200
2011-08-18 10:14:12,207532,200
2011-08-18 10:14:13,207444,200
2011-08-18 10:14:14,207528,200
2011-08-18 10:14:15,205482,198
2011-08-18 10:14:16,207492,200
2011-08-18 10:14:17,207418,200
2011-08-18 10:14:18,207604,200
2011-08-18 10:14:19,207504,200
2011-08-18 10:14:20,207518,200
2011-08-18 10:14:21,207554,200
2011-08-18 10:14:22,205420,198
2011-08-18 10:14:23,207502,200
2011-08-18 10:14:24,207484,200
2011-08-18 10:14:25,207426,200
2011-08-18 10:14:26,207608,200
2011-08-18 10:14:27,207382,200
2011-08-18 10:14:28,207510,200
2011-08-18 10:14:29,205464,198
2011-08-18 10:14:30,207474,200
2011-08-18 10:14:31,207562,200
2011-08-18 10:14:32,207682,200
2011-08-18 10:14:33,207508,200
2011-08-18 10:14:34,207743,204
2011-08-18 10:14:35,207448,200
2011-08-18 10:14:36,205344,198
2011-08-18 10:14:37,207500,200
2011-08-18 10:14:38,207578,200
2011-08-18 10:14:39,207552,200
2011-08-18 10:14:40,207460,200
2011-08-18 10:14:41,207558,200
2011-08-18 10:14:42,207482,200
2011-08-18 10:14:43,205468,198
2011-08-18 10:14:44,207526,200
2011-08-18 10:14:45,207514,200
2011-08-18 10:14:46,207442,200
2011-08-18 10:14:47,207450,200
2011-08-18 10:14:48,207486,200
2011-08-18 10:14:49,207518,200
2011-08-18 10:14:50,205374,198
2011-08-18 10:14:51,207406,200
2011-08-18 10:14:52,207516,200
2011-08-18 10:14:53,207706,200
2011-08-18 10:14:54,207514,200
2011-08-18 10:14:55,207436,200
2011-08-18 10:14:56,207566,200
2011-08-18 10:14:57,205446,198
2011-08-18 10:14:58,207602,200
2011-08-18 10:14:59,207492,200
2011-08-18 10:15:00,140337,141
2011-08-18 10:15:01,811,8
2011-08-18 10:16:27,2467,13
2011-08-18 10:16:28,1019,8
2011-08-18 10:16:54,2091,10
2011-08-18 10:16:55,1417,11
2011-08-18 10:17:33,2210,10
2011-08-18 10:17:34,1298,11
2011-08-18 10:18:25,1437,9
2011-08-18 10:18:26,697,6
2011-08-18 10:22:58,309,4
2011-08-18 10:25:22,249,3
2011-08-18 10:27:46,309,4
2011-08-18 10:28:28,120,2
2011-08-18 10:32:58,60,1
2011-08-18 10:35:15,263,3
2011-08-18 10:35:24,264,3
2011-08-18 10:35:35,240,4
2011-08-18 10:35:42,1366,10
2011-08-18 11:47:02,220,2
2011-08-18 11:47:03,220,2
2011-08-18 11:47:04,2474,25
2011-08-18 11:47:05,588,6
2011-08-18 11:47:06,2628,18
2011-08-18 11:47:07,294,3
2011-08-18 11:47:08,220,2
2011-08-18 11:47:09,1175,9
2011-08-18 11:47:10,220,2
2011-08-18 11:47:11,220,2
2011-08-18 11:47:12,666,4
2011-08-18 11:47:13,24150,240
2011-08-18 11:47:14,220,2
2011-08-18 11:47:15,220,2
2011-08-18 11:47:16,926,4
2011-08-18 11:47:17,1096,6
2011-08-18 11:47:21,350,2
2011-08-18 11:47:24,350,2
2011-08-18 11:47:27,350,2
2011-08-18 11:48:18,238,3
2011-08-18 11:48:52,238,3
2011-08-18 11:49:16,486,2
2011-08-18 11:49:20,312,4
2011-08-18 11:49:29,1030,7
2011-08-18 11:49:30,184,2
2011-08-18 11:49:31,5159,36
2011-08-18 11:49:51,236,3
2011-08-18 11:50:00,237,3
2011-08-18 11:51:19,486,2
2011-08-18 11:51:40,486,2
2011-08-18 11:51:48,312,4
2011-08-18 11:51:52,237,3
2011-08-18 11:52:02,117,1
2011-08-18 11:52:03,120,2
2011-08-18 11:52:22,117,1
2011-08-18 11:52:23,274,4
2011-08-18 11:52:24,85,1
2011-08-18 11:52:25,85,1
2011-08-18 11:52:26,85,1
2011-08-18 11:52:41,237,3
2011-08-18 11:52:45,194,3
2011-08-18 11:52:49,237,3
2011-08-18 11:52:55,194,3
2011-08-18 11:52:57,194,3
2011-08-18 11:53:41,2176,14
2011-08-18 11:53:42,120,2
2011-08-18 11:56:07,312,4
2011-08-18 11:57:02,77889,91
2011-08-18 11:57:03,187588,210
2011-08-18 11:57:04,187434,200
2011-08-18 11:57:05,187578,200
2011-08-18 11:57:06,187564,200
2011-08-18 11:57:07,187412,200
2011-08-18 11:57:08,187488,200
2011-08-18 11:57:09,187556,200
2011-08-18 11:57:10,185796,201
2011-08-18 11:57:11,187538,200
2011-08-18 11:57:12,187460,200
2011-08-18 11:57:13,187564,203
2011-08-18 11:57:14,187452,200
2011-08-18 11:57:15,187492,200
2011-08-18 11:57:16,185800,198
2011-08-18 11:57:17,187688,200
2011-08-18 11:57:18,187438,200
2011-08-18 11:57:19,187688,203
2011-08-18 11:57:20,187524,200
2011-08-18 11:57:21,187520,200
2011-08-18 11:57:22,187504,200
2011-08-18 11:57:23,187504,200
2011-08-18 11:57:24,185614,198
2011-08-18 11:57:25,187492,200
2011-08-18 11:57:26,187476,200
2011-08-18 11:57:27,187526,200
2011-08-18 11:57:28,187452,200
2011-08-18 11:57:29,187462,200
2011-08-18 11:57:30,185678,198
2011-08-18 11:57:31,187552,200
2011-08-18 11:57:32,175249,187
2011-08-18 11:57:33,172510,184
2011-08-18 11:57:34,187528,200
2011-08-18 11:57:35,187368,200
2011-08-18 11:57:36,187550,200
2011-08-18 11:57:37,187516,200
2011-08-18 11:57:38,185740,198
2011-08-18 11:57:39,187432,200
2011-08-18 11:57:40,164091,175
2011-08-18 11:57:41,159402,170
2011-08-18 11:57:42,179968,192
2011-08-18 11:57:43,187358,200
2011-08-18 11:57:44,185626,198
2011-08-18 11:57:45,187478,200
2011-08-18 11:57:46,187464,200
2011-08-18 11:57:47,187484,200
2011-08-18 11:57:48,187558,200
2011-08-18 11:57:49,187456,200
2011-08-18 11:57:50,187414,200
2011-08-18 11:57:51,185572,198
2011-08-18 11:57:52,187496,200
2011-08-18 11:57:53,187478,200
2011-08-18 11:57:54,187514,200
2011-08-18 11:57:55,187668,200
2011-08-18 11:57:56,187456,200
2011-08-18 11:57:57,187522,200
2011-08-18 11:57:58,185558,198
2011-08-18 11:57:59,187494,200
2011-08-18 11:58:00,187606,200
2011-08-18 11:58:01,187526,200
2011-08-18 11:58:02,187490,200
2011-08-18 11:58:03,187514,200
2011-08-18 11:58:04,187414,200
2011-08-18 11:58:05,185458,198
2011-08-18 11:58:06,187462,200
2011-08-18 11:58:07,187446,200
2011-08-18 11:58:08,187566,200
2011-08-18 11:58:09,187466,200
2011-08-18 11:58:10,187624,200
2011-08-18 11:58:11,187514,200
2011-08-18 11:58:12,185636,198
2011-08-18 11:58:13,187532,200
2011-08-18 11:58:14,187474,200
2011-08-18 11:58:15,187452,200
2011-08-18 11:58:16,187598,200
2011-08-18 11:58:17,187442,200
2011-08-18 11:58:18,187512,200
2011-08-18 11:58:19,185744,198
2011-08-18 11:58:20,187512,200
2011-08-18 11:58:21,187484,200
2011-08-18 11:58:22,187582,200
2011-08-18 11:58:23,187516,200
2011-08-18 11:58:24,187460,200
2011-08-18 11:58:25,187448,200
2011-08-18 11:58:26,185648,198
2011-08-18 11:58:27,187416,200
2011-08-18 11:58:28,187500,200
2011-08-18 11:58:29,187490,200
2011-08-18 11:58:30,187452,200
2011-08-18 11:58:31,187472,200
2011-08-18 11:58:32,187578,200
2011-08-18 11:58:33,185704,198
2011-08-18 11:58:34,185574,198
2011-08-18 11:58:35,187542,200
2011-08-18 11:58:36,187480,200
2011-08-18 11:58:37,187582,200
2011-08-18 11:58:38,187432,200
2011-08-18 11:58:39,187514,200
2011-08-18 11:58:40,185624,198
2011-08-18 11:58:41,187520,200
2011-08-18 11:58:42,187530,200
2011-08-18 11:58:43,187450,200
2011-08-18 11:58:44,187438,200
2011-08-18 11:58:45,187544,200
2011-08-18 11:58:46,187526,200
2011-08-18 11:58:47,185618,198
2011-08-18 11:58:48,187490,200
2011-08-18 11:58:49,187578,200
2011-08-18 11:58:50,187526,200
2011-08-18 11:58:51,187516,200
2011-08-18 11:58:52,142002,158
2011-08-18 11:58:53,698,8
2011-08-18 11:59:40,486,2
2011-08-18 12:00:39,194,3
2011-08-18 12:00:54,194,3
2011-08-18 12:00:56,194,3
2011-08-18 12:01:03,312,4
2011-08-18 12:02:31,194,3
2011-08-18 12:03:02,194,3
2011-08-18 12:03:04,194,3
2011-08-18 12:03:06,194,3
2011-08-18 12:03:08,194,3
2011-08-18 12:03:09,194,3
2011-08-18 12:03:11,194,3
2011-08-18 12:03:12,194,3
2011-08-18 12:03:14,194,3
2011-08-18 12:03:31,312,4
2011-08-18 12:05:59,312,4
2011-08-18 12:06:19,32534,38
2011-08-18 12:06:20,189311,211
2011-08-18 12:06:21,187392,200
2011-08-18 12:06:22,187416,200
2011-08-18 12:06:23,187512,200
2011-08-18 12:06:24,187576,200
2011-08-18 12:06:25,187456,200
2011-08-18 12:06:26,185540,198
2011-08-18 12:06:27,187534,200
2011-08-18 12:06:28,187464,200
2011-08-18 12:06:29,187444,200
2011-08-18 12:06:30,187490,200
2011-08-18 12:06:31,187460,200
2011-08-18 12:06:32,187446,200
2011-08-18 12:06:33,185604,198
2011-08-18 12:06:34,187580,200
2011-08-18 12:06:35,187482,200
2011-08-18 12:06:36,187464,200
2011-08-18 12:06:37,187496,200
2011-08-18 12:06:38,187496,200
2011-08-18 12:06:39,187420,200
2011-08-18 12:06:40,183766,196
2011-08-18 12:06:41,187542,200
2011-08-18 12:06:42,187460,200
2011-08-18 12:06:43,187480,200
2011-08-18 12:06:44,187526,200
2011-08-18 12:06:45,187586,200
2011-08-18 12:06:46,187522,200
2011-08-18 12:06:47,185546,198
2011-08-18 12:06:48,187504,200
2011-08-18 12:06:49,187518,200
2011-08-18 12:06:50,187388,200
2011-08-18 12:06:51,187470,200
2011-08-18 12:06:52,187400,200
2011-08-18 12:06:53,187358,200
2011-08-18 12:06:54,185620,198
2011-08-18 12:06:55,187546,200
2011-08-18 12:06:56,187442,200
2011-08-18 12:06:57,187448,200
2011-08-18 12:06:58,187438,200
2011-08-18 12:06:59,187492,200
2011-08-18 12:07:00,187570,200
2011-08-18 12:07:01,185662,198
2011-08-18 12:07:02,187448,200
2011-08-18 12:07:03,187490,200
2011-08-18 12:07:04,187420,200
2011-08-18 12:07:05,187444,200
2011-08-18 12:07:06,187672,200
2011-08-18 12:07:07,187480,200
2011-08-18 12:07:08,185630,198
2011-08-18 12:07:09,187508,200
2011-08-18 12:07:10,187514,200
2011-08-18 12:07:11,187410,200
2011-08-18 12:07:12,187412,200
2011-08-18 12:07:13,187474,200
2011-08-18 12:07:14,187576,200
2011-08-18 12:07:15,185592,198
2011-08-18 12:07:16,187450,200
2011-08-18 12:07:17,187418,200
2011-08-18 12:07:18,187442,200
2011-08-18 12:07:19,187466,200
2011-08-18 12:07:20,187456,200
2011-08-18 12:07:21,186465,199
2011-08-18 12:07:22,186573,199
2011-08-18 12:07:23,187422,200
2011-08-18 12:07:24,181910,194
2011-08-18 12:07:25,187524,200
2011-08-18 12:07:26,187424,200
2011-08-18 12:07:27,187532,200
2011-08-18 12:07:28,187564,200
2011-08-18 12:07:29,20913,36
2011-08-18 12:07:30,120,2
2011-08-18 12:07:39,486,2
2011-08-18 12:08:00,194,3
2011-08-18 12:08:01,194,3
2011-08-18 12:09:15,62670,72
2011-08-18 12:09:16,188278,208
2011-08-18 12:09:17,187552,200
2011-08-18 12:09:18,187386,200
2011-08-18 12:09:19,187490,200
2011-08-18 12:09:20,185640,198
2011-08-18 12:09:21,187556,200
2011-08-18 12:09:22,187624,200
2011-08-18 12:09:23,187612,200
2011-08-18 12:09:24,187486,200
2011-08-18 12:09:25,187612,200
2011-08-18 12:09:26,186517,199
2011-08-18 12:09:27,186809,202
2011-08-18 12:09:28,187430,200
2011-08-18 12:09:29,187528,200
2011-08-18 12:09:30,187486,200
2011-08-18 12:09:31,187508,200
2011-08-18 12:09:32,187482,200
2011-08-18 12:09:33,187456,200
2011-08-18 12:09:34,185718,198
2011-08-18 12:09:35,187504,200
2011-08-18 12:09:36,187518,200
2011-08-18 12:09:37,187758,203
2011-08-18 12:09:38,187474,200
2011-08-18 12:09:39,187406,200
2011-08-18 12:09:40,58180,75
2011-08-18 12:09:41,409,5
2011-08-18 12:09:46,132,2
2011-08-18 12:10:19,118017,133
2011-08-18 12:10:20,188038,206
2011-08-18 12:10:21,187474,200
2011-08-18 12:10:22,187544,200
2011-08-18 12:10:23,185636,198
2011-08-18 12:10:24,187456,200
2011-08-18 12:10:25,187468,200
2011-08-18 12:10:26,187446,200
2011-08-18 12:10:27,187564,200
2011-08-18 12:10:28,187482,200
2011-08-18 12:10:29,187548,200
2011-08-18 12:10:30,185726,198
2011-08-18 12:10:31,187474,200
2011-08-18 12:10:32,187456,200
2011-08-18 12:10:33,187448,200
2011-08-18 12:10:34,187482,200
2011-08-18 12:10:35,187522,200
2011-08-18 12:10:36,187578,200
2011-08-18 12:10:37,185602,198
2011-08-18 12:10:38,187518,200
2011-08-18 12:10:39,187510,200
2011-08-18 12:10:40,187446,200
2011-08-18 12:10:41,187556,200
2011-08-18 12:10:42,187590,200
2011-08-18 12:10:43,185644,198
2011-08-18 12:10:44,61696,74
2011-08-18 12:10:45,409,5
2011-08-18 12:12:45,364,6
2011-08-18 12:12:46,494,7
2011-08-18 12:15:04,103241,118
2011-08-18 12:15:05,188024,205
2011-08-18 12:15:06,187376,200
2011-08-18 12:15:07,187482,200
2011-08-18 12:15:08,185574,198
2011-08-18 12:15:09,187392,200
2011-08-18 12:15:10,187530,200
2011-08-18 12:15:11,187546,200
2011-08-18 12:15:12,187434,200
2011-08-18 12:15:13,187518,200
2011-08-18 12:15:14,185656,198
2011-08-18 12:15:15,187426,200
2011-08-18 12:15:16,187436,200
2011-08-18 12:15:17,187662,200
2011-08-18 12:15:18,187494,200
2011-08-18 12:15:19,187562,200
2011-08-18 12:15:20,185646,198
2011-08-18 12:15:21,189330,202
2011-08-18 12:15:22,183722,196
2011-08-18 12:15:23,187442,200
2011-08-18 12:15:24,187492,200
2011-08-18 12:15:25,187530,200
2011-08-18 12:15:26,187576,200
2011-08-18 12:15:27,187490,200
2011-08-18 12:15:28,185614,198
2011-08-18 12:15:29,187352,200
2011-08-18 12:15:30,187488,200
2011-08-18 12:15:31,187468,200
2011-08-18 12:15:32,187488,200
2011-08-18 12:15:33,187558,200
2011-08-18 12:15:34,187558,200
2011-08-18 12:15:35,187486,200
2011-08-18 12:15:36,185710,198
2011-08-18 12:15:37,187590,200
2011-08-18 12:15:38,166808,178
2011-08-18 12:15:39,187434,200
2011-08-18 12:15:40,187524,200
2011-08-18 12:15:41,187476,200
2011-08-18 12:15:42,187516,200
2011-08-18 12:15:43,185492,198
2011-08-18 12:15:44,187572,200
2011-08-18 12:15:45,187560,200
2011-08-18 12:15:46,187506,200
2011-08-18 12:15:47,187576,200
2011-08-18 12:15:48,185540,198
2011-08-18 12:15:49,185614,198
2011-08-18 12:15:50,187492,200
2011-08-18 12:15:51,187514,200
2011-08-18 12:15:52,187484,200
2011-08-18 12:15:53,187652,200
2011-08-18 12:15:54,187480,200
2011-08-18 12:15:55,187498,200
2011-08-18 12:15:56,185698,198
2011-08-18 12:15:57,187366,200
2011-08-18 12:15:58,187658,203
2011-08-18 12:15:59,187466,200
2011-08-18 12:16:00,187422,200
2011-08-18 12:16:01,187470,200
2011-08-18 12:16:02,34037,50
2011-08-18 12:16:03,120,2
2011-08-18 12:18:19,312,4
2011-08-18 12:19:37,486,2
2011-08-18 12:20:47,312,4
2011-08-18 12:21:31,5098,36
2011-08-18 12:23:15,312,4
2011-08-18 12:24:05,464,2
2011-08-18 12:25:43,312,4
2011-08-18 12:26:30,180,3
2011-08-18 12:28:11,312,4
2011-08-18 12:30:14,114375,130
2011-08-18 12:30:15,186310,204
2011-08-18 12:30:16,187444,200
2011-08-18 12:30:17,187484,200
2011-08-18 12:30:18,187586,200
2011-08-18 12:30:19,185736,198
2011-08-18 12:30:20,187432,200
2011-08-18 12:30:21,187486,200
2011-08-18 12:30:22,187558,200
2011-08-18 12:30:23,187558,200
2011-08-18 12:30:24,187478,200
2011-08-18 12:30:25,187484,200
2011-08-18 12:30:26,185522,198
2011-08-18 12:30:27,187576,200
2011-08-18 12:30:28,187546,200
2011-08-18 12:30:29,187442,200
2011-08-18 12:30:30,187504,200
2011-08-18 12:30:31,187496,200
2011-08-18 12:30:32,187468,200
2011-08-18 12:30:33,185576,198
2011-08-18 12:30:34,187464,200
2011-08-18 12:30:35,187406,200
2011-08-18 12:30:36,187580,200
2011-08-18 12:30:37,187448,200
2011-08-18 12:30:38,187422,200
2011-08-18 12:30:39,185594,198
2011-08-18 12:30:40,185668,198
2011-08-18 12:30:41,87839,101
2011-08-18 12:30:42,578,6
2011-08-18 12:31:39,486,2
2011-08-18 12:33:07,312,4
2011-08-18 12:35:35,312,4
2011-08-18 12:38:03,312,4
2011-08-18 12:40:31,312,4
2011-08-18 12:41:39,144827,165
2011-08-18 12:41:40,186712,201
2011-08-18 12:41:41,186572,199
2011-08-18 12:41:42,187468,200
2011-08-18 12:41:43,187496,200
2011-08-18 12:41:44,187428,200
2011-08-18 12:41:45,187596,200
2011-08-18 12:41:46,187570,200
2011-08-18 12:41:47,185642,198
2011-08-18 12:41:48,187520,200
2011-08-18 12:41:49,187450,200
2011-08-18 12:41:50,187464,200
2011-08-18 12:41:51,187466,200
2011-08-18 12:41:52,187470,200
2011-08-18 12:41:53,187460,200
2011-08-18 12:41:54,185610,198
2011-08-18 12:41:55,187546,200
2011-08-18 12:41:56,187472,200
2011-08-18 12:41:57,163072,174
2011-08-18 12:41:58,125582,134
2011-08-18 12:41:59,187538,200
2011-08-18 12:42:00,187468,200
2011-08-18 12:42:01,185526,198
2011-08-18 12:42:02,187530,200
2011-08-18 12:42:03,187466,200
2011-08-18 12:42:04,187490,200
2011-08-18 12:42:05,187532,200
2011-08-18 12:42:06,187502,200
2011-08-18 12:42:07,187396,200
2011-08-18 12:42:08,185606,198
2011-08-18 12:42:09,187540,200
2011-08-18 12:42:10,187456,200
2011-08-18 12:42:11,187470,200
2011-08-18 12:42:12,187512,200
2011-08-18 12:42:13,187560,200
2011-08-18 12:42:14,187638,200
2011-08-18 12:42:15,185502,198
2011-08-18 12:42:16,187548,200
2011-08-18 12:42:17,187498,200
2011-08-18 12:42:18,45109,59
2011-08-18 12:42:19,120,2
2011-08-18 12:43:39,1611,10
2011-08-18 12:43:40,702,8
2011-08-18 12:43:41,486,2
2011-08-18 12:44:05,340,3
2011-08-18 12:44:06,312,2
2011-08-18 12:46:22,240,4
2011-08-18 12:57:31,220,2
2011-08-18 12:57:32,220,2
2011-08-18 12:57:33,2658,27
2011-08-18 12:57:34,624,6
2011-08-18 12:57:35,2408,16
2011-08-18 12:57:36,294,3
2011-08-18 12:57:37,220,2
2011-08-18 12:57:38,1175,9
2011-08-18 12:57:39,220,2
2011-08-18 12:57:40,220,2
2011-08-18 12:57:41,666,4
2011-08-18 12:57:42,23142,237
2011-08-18 12:57:43,220,2
2011-08-18 12:57:44,220,2
2011-08-18 12:57:45,1913,8
2011-08-18 12:57:46,120,2
2011-08-18 12:57:50,350,2
2011-08-18 12:57:53,350,2
2011-08-18 12:57:56,350,2
2011-08-18 12:58:00,236,3
2011-08-18 12:58:16,236,3
2011-08-18 12:58:30,116,1
2011-08-18 12:58:31,120,2
2011-08-18 12:58:48,236,3
2011-08-18 12:59:01,236,3
2011-08-18 12:59:11,237,3
2011-08-18 12:59:17,238,3
2011-08-18 12:59:23,236,3
2011-08-18 12:59:47,486,2
2011-08-18 12:59:54,312,4
2011-08-18 12:59:58,1030,7
2011-08-18 12:59:59,184,2
2011-08-18 13:00:00,5098,36
2011-08-18 13:00:07,271,3
2011-08-18 13:00:24,1557,10
2011-08-18 13:00:25,673,5
2011-08-18 13:00:57,853,5
2011-08-18 13:00:58,928,4
2011-08-18 13:01:00,464,2
2011-08-18 13:01:03,464,2
2011-08-18 13:01:15,232,1
2011-08-18 13:01:21,755,5
2011-08-18 13:01:22,60,1
2011-08-18 13:01:42,290,3
2011-08-18 13:02:37,204,2
2011-08-18 13:04:17,110,1
2011-08-18 13:04:49,541,2
2011-08-18 13:04:52,102,1
2011-08-18 13:04:55,218,3
2011-08-18 13:05:03,164,2
2011-08-18 13:05:06,9786,147
2011-08-18 13:05:09,8880,134
2011-08-18 13:05:15,6824,103
2011-08-18 13:05:27,2812,38
2011-08-18 13:05:45,120,1
2011-08-18 13:05:51,666,9
2011-08-18 13:07:45,120,1
2011-08-18 13:13:18,440,4
2011-08-18 13:13:19,2645,27
2011-08-18 13:13:20,404,4
2011-08-18 13:13:21,2628,18
2011-08-18 13:13:22,294,3
2011-08-18 13:13:23,220,2
2011-08-18 13:13:24,1175,9
2011-08-18 13:13:25,220,2
2011-08-18 13:13:26,220,2
2011-08-18 13:13:27,666,4
2011-08-18 13:13:28,22789,237
2011-08-18 13:13:29,220,2
2011-08-18 13:13:30,220,2
2011-08-18 13:13:31,1862,8
2011-08-18 13:13:32,120,2
2011-08-18 13:13:36,350,2
2011-08-18 13:13:39,350,2
2011-08-18 13:13:42,350,2
2011-08-18 13:13:44,237,3
2011-08-18 13:13:53,236,3
2011-08-18 13:14:05,238,3
2011-08-18 13:14:16,116,1
2011-08-18 13:14:17,120,2
2011-08-18 13:14:35,237,3
2011-08-18 13:14:44,237,3
2011-08-18 13:14:55,237,3
2011-08-18 13:15:06,116,1
2011-08-18 13:15:07,120,2
2011-08-18 13:15:12,237,3
2011-08-18 13:15:30,1190,6
2011-08-18 13:15:31,1529,11
2011-08-18 13:15:46,1030,7
2011-08-18 13:15:47,184,2
2011-08-18 13:15:48,5058,36
2011-08-18 13:17:32,486,2
2011-08-18 13:17:45,303,4
2011-08-18 13:20:05,303,4
2011-08-18 13:21:15,120,1
2011-08-18 13:21:22,439,4
2011-08-18 13:21:32,486,2
2011-08-18 13:24:43,340,4
2011-08-18 13:24:44,120,2
2011-08-18 13:28:25,303,4
2011-08-18 13:29:30,486,2
2011-08-18 13:30:45,303,4
2011-08-18 13:33:05,303,4
2011-08-18 13:33:21,194,3
2011-08-18 13:33:24,194,3
2011-08-18 13:33:25,194,3
2011-08-18 13:33:27,194,3
2011-08-18 13:33:41,194,3
2011-08-18 13:33:43,194,3
2011-08-18 13:33:44,194,3
2011-08-18 13:33:46,194,3
2011-08-18 13:35:15,194,3
2011-08-18 13:35:20,194,3
2011-08-18 13:35:25,497,7
2011-08-18 13:35:30,194,3
2011-08-18 13:35:32,194,3
2011-08-18 13:36:53,74,1
2011-08-18 13:36:56,74,1
2011-08-18 13:37:02,74,1
